summoner_id,champion_id,mastery_points
SxPV8yn7YG6-CMuzzgQYWTNAMm8UCzOpQtXffvN7Qh9k3g,3,369
6UF1LSsQon3TiaCfbp3L9fR9VIDqVHgGWjiDrgq_oghVVf6pFwC-AUHw,80,1819
08b8dz96BCE7-rRcmbDvilLD36G-m0Vnj9WVNgJ5WMegNuk,84,2405
Wbp8f2MmZTelKk_c0-3LKIpvVxevjYCJ3-gQ3qu3Ny5hEw,119,22162
8_B7ovJwXAF6bqoPAZ9mx5npR4mhR9fZ-pwr6NybQq2r1A,7,32171
bI-2eB1UKclL9TLz1E3JDzGw_RuT-4itDzzM16jqrMj8Ta8,432,14375
kXGY_TUcoYdMt-3jzEM3sSZXQHncHdq0BGnVxP7c8-Xq3PQ,136,0
5mDv_V_HmIZvCpVQu5UKlpBxeH_gZrsgA2cz1nBgY_2dcg,63,61680
sL9YRVeMRxGdJowhCjwSaI1RFZJQ7nonQPPXPJxvMJDbTR4,76,1431
b9ooYdksfgcV8-Pzdr1xO56qVCL8XjYF-I3IigOMZZ4wbQ,114,2991
hOv2IxXqQXLfPNSD3ceyjIclVfZRxNjALZFgm4dqyl_3xw,161,19296
-REJGv8YStk_AVhhUrTzGJdRgq-IXngWyoE80bvIjIvm7A,31,134478
dtJeVrapT6XD-D-PEj9_Y6lL0MZIxgpEa1Nfk1qKtYCDVQ,131,5135
4wnb-kaKWXHS1_VCgDBeprDPo4aWONvQ5A75rRLTDIQB0q0,23,0
eP7oh7pwHAv3WTexYoS_IFO00YQBdL_XWCDfhghR9kmJPg,427,0
ddJ7t2hNhcv3Jgbw9LI78bKxVrQWM9Siq_0MRYQ8A27r_Y0,10,0
sYsdRbjmOkw7baYWpfpyEjeDL0g17ut-N2uwkPH8Skcupg,90,4343
3ctnqqeQ7QKI1NVuLKiNwRXk-vgAIAtEWbS8AZoWwmDN_NA,84,114
1WUgqOFGFW_Hid7WTs3F9nCx7A8D0Wye_ObpzNrs27vu4s4,16,0
boHZszOFBZb4mDbENHF6pcq3217ckMaqNhq936bKCqi1LDQ,133,0
BiNGRzcCED4-bqmgKs7_tEWVTkqDpruRMzdpDDmOQapwGA,34,11843
besNYJCMvmQiJ_y9Q4Uq1pLHfnx3NbOeSGiGtt9-RRtwC4o,245,47699
Qx2oQpn54b8-Vg4LnmmqVwjrRCTm91aSO5wS2UuGZqaQQGU,201,1331
MEBePg-fVfSZEviQYG9tBG_PvhKGUlzz9DCcDEbY8ZsqAQ,10,397
SF7uIBJfnBagHMA3XmdMzSY2-9RcNp-quO6N7JkX4he1lAo,12,52163
aFo7ucdV7yjERUqDjNZU8uF6f1_mnvlFrtQ9V0bTZq2ZTg,497,12078
83duAjldPFAYojTgkyzW8eBDeOIW3IJZiQFHVlyJCtNQ8_M,7,3044
Qb--H-ZgLK1Tg4J1acNvaZIV9w15uGo5UuWnXRxoJMWLzoE,134,3718
rx6ejF6vOkS-4ekezqysgOuIHhG3Pl5ADCnROo02_3eedho,7,809
fULofa4PtXlWX-Rj-XCR6egEN9X-hkkGRKYf_98OBEOonw,78,34128
ibqJ-eMP1fabsay6TM0zl2QUTDUdqLdTEtUIA4I_CG4d2us,2,0
py2I2jDuNuYEVePtH2s7BElBJMAXQPOmCJgzKWmpnGfvJbEaLrdSlExo,236,0
aBxLlfPidBv-eUo7n20_PnOGxAbxPzTXXrP_BC0MrA,516,737
8kYVQMfB8IIeLdkGh3Infq7QcVxeAFVswwy8-Wmkahp-QA,245,747
EaEJF6_lW-vae3wFFsvAUJJkireQpXv4n-Y4Vpjyn_prkQ,90,0
m5It-fYtd8utWjYmz80wul8heM6pxj928JGvz7YgkMK1oWM2C9baYEW5,432,173
irJ4pVQVYPJhEGJSC8nJU65jVCflBY8AK35q41IK1cNpqQ,28,973
_gEZevTArw1Qs9gliJgA-KMzrYzDE2-2PFYlWawZVEz0Hw0,40,742
Pk-JWCw_V2FKmEXGloR0P4-zpd0uOopHiFU7vvMQ9w,268,167
Du9JVI9O_qKSCbmDjAnR3CoQS7ODduOxr_GhC81vr75vaFU,33,10491
coIwXjFiEWYZZgWiY9TvE2yEUU4MNYE1f1Um9neZaec53x0,516,0
BFsY0YdsTFf-RdhHXX_EwdJjE7bADNvOdcMO_XiTzOmw-nrNOnG9cFzO,3,0
mIJraGejnFIjEcZZupnHEZ_CDwX-Xov1ghgdSBqmEt2FRQ,121,15827
H830feX4gC9U0bEJYXG3OVj56AlYXr9_hJ0VOk7lkpCEKA,32,3164
oZ8MddjU9vZJzM4xUWJtvJfOSrX_W5qUTsihx5940eWGiPM,122,189
NpG2n0STvK4PIUzzjF0xJ1SO_sLi-hKkza9y8Lq3GuGOOEj-fw3cUQwh,24,787
7niYyCNtRnvk-L1Pukk0L5BPQytjoxBsn2_FdcjUjtL9SQ,432,487
dAW36l8e2VdFYEP8ccCtHf-0T1m4ezQfaynvLst6SID7Pxo,240,45691
NCppyoRSP0opNEHd-Lwqnex3m3whQiyWuyke7ejqEjEx4Q,38,2802
wq_QQ3sCjisw_IjzaNana3HQ3F6gHxs89Hq0i7zoPQMDrOM,202,1537
OSSh-f93r3kH_GW2A94BtU6mqkzVAga3Z6u6cDbc5BW38-o,38,2548
KRNRv3TzcHQas33kwrMGhECdrW-6IBxMA-exRI84NAAdOA,39,66837
z-B3DychsaK28km_6dFvuCOuunC7y4scrMp-XBhpW8L6ev0,56,16003
XwE5FcaUkBd_RsbWP9hg6mL1KhaiLl-r_D2EoNV3sLe_JA,38,16210
9dJFILPcZK-sYUZdkcwT5J5UryEb2boaYVIEtbDSlAvX9mw,236,0
2lv_txJsyWOiB7lTeCpY10A8td2mhPlE80ZOgFLjJTyxlo4,78,34523
koR2vA0cdNb7o7TxVmPujp6o0a7K_-yoKsF-_5eWRhfOhOQ,432,154
sz4waFxLed0jZyFgFQ4k5NEtGxgScHDfHYXCJ6e9yYPltA,223,99144
6IxMidrY2ygTuwVRuMhxTJEflkmVdgbvfDyBPWjm-UdSSg,45,9416
WMpKGjyVi3nD5wuPplNkbumEvCL7pBzIJJLI_A4KKa-jtg,133,0
msFoa_kFRcSOxkBFBaH5_aBFSC4Of-soJeYCNGT4rSW5QA,236,19499
EgT1-fY0jN2k59Gy5Tp7ugXyYPwpJ8BrKh16prt1xUOAlLQ,427,1796
GyvoVdnlg5kTSQGM66Iu9aAwuFQEYw46ajXs-PbwuwvCEFg,38,37823
o9ANjRYNooX8SPXXPQ3UxP5NVdsUQp4mgOOenlbD1JYX3l8,56,811
QjfoHsUz4d744tSbxGjAnNlmPwbZGiPVcKsVvERtZ942pLQ,20,3706
Q14ri0uFHjtS09PyshYOSFeD4jkBoQdRDOfWeEpHtMda_Co,131,904
HuhHVY1J5BuZprTjhAE-KWYh21bKiBSq942Twp0aP8rH-A,40,18011
hao5kyrVrnu5PCKVfIgP4f9wWQNl_OvJZhj2wQNMj0N9XjjBdOANcl_z,113,0
ZzB0Fm_2ayE1feGHw76feso5HYrjtl6nv4agycJXlLl1YA,78,3452
jV-9ccinuFfYrJ3Vqlg865hr-J8-wB3oEu1FrG_A9I0Sk2I,268,11641
ZNfGqKvCFWEb1fbecj5FJYuKOG_6jHvEC504BWhBm6owkIk,32,34374
DBBC81Gw3G1av82aVghRn36EvPYLf1YGNzOUaQOvw4gwPDI,245,38408
yytpy1zu2peSmuShn_YF6Xp5WXgn2FxFjBcQFuCaen87KA,201,2157
Glw5L_j2tpz_Yl_6FaLQCno3H2q74uTCGxi4WFo4pPYiYOSRl33KWCvQ,96,2808
Mnh2KQgeXSBJs8tfS2Kj92ZMgPmgs91HkstMtRZrKVFSNg,44,4996
as9VxUOi1T-1zLRR5LZrJpE0JxAH9MFtIwewEwOsFPPLug,20,1805
WLSxzAop4yrT_C32ozN4qRJVC_FQcqKb5NQ3Ol8Crdt3bw,22,12391
S4dR4gu-wNZhyR3BG6Ha0rkZ0l7EsRBaXHdTywX9_okwGQ,268,163
Glw5L_j2tpz_Yl_6FaLQCno3H2q74uTCGxi4WFo4pPYiYOSRl33KWCvQ,516,0
VmYqui63fODVzbPq9ARSviRNCdRSE0VyXQrUGQgarS6-DvY,201,1777
B6Zkn0dlrVtWHumkT8ehu5kUJuzzxiuX9sxQezyeKFamkU8,34,202
oCuT-x2Idg9ptlcNfSf_6tRxc473PCKkJGe2VlOoth_-T3w,236,6589
smlFx6PZYTxz8s1OmGkzrWq5wjtuRYCQBgm8ihmkBi7SeDI-Je-TicNR,78,0
qaf4f-5h4NvM_oy0rkjKOK8f6manOSGpS0D6DqeW_Q14eNQ,31,0
pQhjdWGlb4HUabXdBLYijbbuPz8253ZBHy4dEIiF1-TyN7A,131,0
25D6-VlK4OO08XnsR-KtF6FiXupqQ6qTIiG59QSVDAyYbfc,35,24268
pfDnyarcx3e_q7pXMErJsov3McklLxSHZZMmUsbsst_FLhQ,7,118
v34NnsrJBQG7smcT9GgicJFUhj9_l_r1bZslsWB0q_Qw_wY,40,9814
U3M3Q7ElOasK9ODVWxx3xJTfa0DGB0FtjN0-XvVOMxXxpQ,236,35960
BOJnba6U4Uw-X0qu7KgrvqxHNnOvG6yeOexo5dEfigbSEw,76,5207
WiGnlaIXr0ws_6mmsSvhOXdSSsaDbWNLH3OYtdvyuFNWFQ,240,0
9XOxszyhxOD5gNjBJs2YKqVUQ4Mi0ePIq8awcYcK94HRrw,164,16222
ia8DB9JDInou_maAucIkiMRaA_MPZ-AA0C4zbQqJyK-_rCI,64,1114
6X0-SWZ-OKGyEfBvBHaxT-LlKUeC8Ph7bEfh2vhLPW1IDTE,30,0
16wwdFS3EU28BpCTy_L8sTvDe7ufcPdA7jvCwD4oCvwpbwY,420,0
ODls__yzzMmh9bdTmaKs6ZH9nzhUXV7UjHtKnxvTPjDK92w,121,751897
40qoi68kPrBcSzlDIpgmf0JT5QCd7I9HECmrePoFehzEatM,101,6735
9TFNZaFiB6APqB4z0SGR-yUAeUHSniSS0xM3GoKlcUSTK0I,96,6328
7N0khX7dHmK_SW4CjXR_dWib2VFHrqaLnQsuOq2azfqMgw,77,41388
jMCVFLQtHOEH0Mob1ghHUFCo8S-35l5miAt_c1iTIWoK8w,36,2145
DzjIybfA_l-6sd7GHePHD68D9iHpKBxVfOxss-JP-niDQtc,28,4104
OciWpAy850OfCtFeUKqshMqkTFeZ-k6DnNSKJa8YUU9kIY0,240,1538
oZ8MddjU9vZJzM4xUWJtvJfOSrX_W5qUTsihx5940eWGiPM,25,0
AcIuK9NqNwOERNYfo-WWKykvBI1ozo0Jq3GnF7TEIySJ1Tw,421,2723
NRIoAdRKGrDeVsLl-2V0Sm9TUAaRk4V4giYgBkM7nUe4uCY,427,18293
PzwggvZnfn_7TgkFOV-aEYhlwZk1759SexUMfduj_oYiqQ,113,165
uz9fZlP0cKDhwj4APMMzERwex610LGh8B30LoljNQMTXJQSK8ctxwiFx,75,0
h1dtBP3VYpcz7wd_latWD_vPbkhbucg45GpIeAFT0XkmwA,35,246
SCBRCy9sSlmj751PNVSJOBxZZw7WxPXv-UrmFkMQLHl-nQ,245,19419
ThZB-l71p4WJX-WO9uQaN_gbbXinFm9is5SaH-eQsKYwb30,76,55535
bwjrLbaX0fuRpzUEqtWvX5rZQGEIPRuyG7hMzT7FDKnkmA,76,7770
0kgzAmnz11gZ_aA-0EVLiE2MUbd0KcEjEd-TAxA3xOB5v5g,76,13608
f3kWWFiA33ZXuSVvRKw5swlHbXLtGhNr1NRwts-Pfk35dy7vEr8WRLfq,33,0
9h2bQkSD0MfCW5t8Y2ZEYFvUShxcUvFOnWDJoVY-TeXB2kk,133,5367
Lx_EBeUA4bQsKF0a0L2SLPpNwcpJbAqSx3cXdBAyDW26JPM,236,32351
FYIaZ95DEDs6Zx4VHIdCdQDxy8QRp7ublY4VdC8_SxWtZBXLDVZQR8__,44,0
2lv_txJsyWOiB7lTeCpY10A8td2mhPlE80ZOgFLjJTyxlo4,41,29189
oY-Se6Umjl94Tt9Vmv_2htLA284euXJyMgDEsuXP5Z6ODFI,7,1060
iaSuvR6-DI6_UYVO4iHaSEGsPYDTgKp5joCDFMrwq9YIjQ,28,3104
G5gNb2dIxSqAYKCde81PGZmIFJVFLKDrEleWmBWi3TERchA,240,16469
0hOWozbsfiZ7DNsxQii0atjOJXTlsuoCRKIVkQ1bydhhDA,20,8868
SF7uIBJfnBagHMA3XmdMzSY2-9RcNp-quO6N7JkX4he1lAo,223,7913
cdGJNhX1DkiiriDCdvnbxE1ZNcYHr_ptFGFU_a7LBj6brw,133,569
0TngAJH1aPF6dyBrCd6FovMxSAb7SH587TitWARL-bg5QL8,77,278
hEreaN0QRDEIK8aYyiBnTGjun3I1rd6_53857W5p3ufe3IA,12,6235
PXTzfPdp3653wFFr4uBlc8Qigh76YdHh1dUFhohBs7IrOEI,56,611
lErfZ7xkpr2-bvXdOODIoaPZCcAdnQjIhE4rPcQ2IglUdy4,26,25763
5MOO8obEeZu3RYeSsp3rLFFzuQynLagHfu-ln0XdhdD0alk,12,24449
YdZ9LliS6qe5t8WmiZloSSwDr07DnWdJ1w2H2ynFyQ1a58lcQWKrMDQP,29,100
brBTlCykb5emthuOwhYQA31ikUWN3OkFSRAdPdiHM6dRvO4,113,672
92xyaXfeoij0CpC0y9XkOsQYdvRFUAbOLlAm7zL-PM1qS0U,22,20343
FX9B8u513NkRA3hHCsydEmrJwzOxTclZ-_CO6NF4DhQNTg,14,0
mboOfwfwWpJ4Haq8H-a1rKZCa39popwysKQYrP2RgtcN6g,33,0
yzArgsob4yhlB5SLw3J1hpbX_7elI1Evrw4dThv57h378Q,20,1340
NsNUE0JYMNARwNhhMT4HAvKjISraMRbpUchw19JkN_YYVDM,30,8905
MaOBmflhZvAplJJeWMnP3QLmXNpu85Plk6RshUMq5LPJ1g,20,11854
m5t9vrN38m0AxE2rjsNJtKB13qWRzCMqUm8udKkyWUGXi90Aq-zrHgtu,42,0
j7-L577wN_9x8SY2GezqvgPkSqL-6qYiJSXSh4r_fyHaKQ,78,236
Sktn2A-QKhIDMQH3fLgjAi66CrZ9kKwtgk0YUVn3tWn9MuY,40,5140
tETscxMri8Bq_BCN6vOhWgEJOpjAztjfoHIYNJNr0kn3ceI,90,0
o66ub_FgySM7n6b4JDUeC7WaU6jpJeSRVCXw4FkO3tHxIp8,133,202
Uw1q-wCDi0HiE9sks-PzrHG2gIczYbl-fFiFxxASgF2FYKA,136,133
gmqCLdMwGu3lpmfBM3IG38wqqBNJ3xzER2NEIQPoE_M6gVo,29,42810
sZn9UoRcAbXZUQrgi3vJzGwnFe9gPQ_98fZgt4BkCIp62Os,142,249321
XzKRnVyVd_XP46b7MxvKQ-H0C07qixlCsBwbFbBp_EDuOJ08Nkc7z6HJ,7,0
aiQOWoibtl2Yfg1JVZzXYOTG8P31fo24-5Q4aSMfFeKJn00,223,8573
od9fJjtoPlqXr3Yn6BKfRFNPvzo9YtpXVN2nBAFXrTYC6-Q,240,49832
qERpM6LBnwEkUQviYVPW9TBzMWf41ASuGlMwY4dZqpc5BnE,427,20705
4WW8KGbUVAon72eyhAvTi39ikW1_LZu1_Nb9ahi2vvfOOVw,28,26908
cOYvIFIB7wavblhr3TBeTbptoDbKDhjt5lwNWqhevTxIPTM,44,17357
9g6_ZyI6ybgc3UBSSW088Gd4EhyP8uJihM_r65_CYlDk2Q,201,0
P70G3vVz_XgK9Wa5Y2JDReE9KFBtz0dDlskj2u2GkHclmjc,101,41782
REV14HE7NzFQ5awLPQsNB-w2ZCarHASCCJimELnxZcuGVf8,429,646
IA41Yn0Od-qXexWKny0NmO6k8_xL3N7RsK470ohmZzGvjU8,38,0
pcdjvTJIGUY8-PBT1tPHjEeZ4dEMNnyxGwk6CdMEYt3GIg,20,200
esnV-KIFw-6zD7c5xIrGhLWKQF3w2-PfjbNjHvnbLLkt-xJBvGpT4s91,36,0
U6kiyVHPzsXec8Yo5UGwFPsRGaPQFHAU6-F-tu7jGR-DpA0UumcSkyue,236,150
V708wtllvgR1WH5eJU86xNU0SnzEgRWfDN3j-rOGVz8tZA,12,0
WNKJJwOD4tuxnZXXPC-wB7nn9FyuMf2_qRust6R6h2zugQ,51,14485
reNiGvp1PXpM8788VuQLj2O-_3Kycogeku9Ii2zeKAI2DQ,20,3595
dd2RlyQnTt_s4q4zpdYDQ0sfZTmHNJ22SzCoWSItx2ls2PE,223,65970
4zq8GuSEHX2m8mOemUKsYyzSYHejdNObc1NGihXfqiKuYfU,30,5823
jWLam5Tq8bhDLXMHXZdHm0U6NuLQWs-UYEOqTTb6DxnMfw,7,4003
z_vM5cN5y3hxEHpRCc5Ic--pjAXPtFM4UxyeAXWvvgQg8w,20,198
UpRj90b2bj2hsRMsR6s3QKK-1X1UpnNjE-C8swv7VNbE5A,10,136
Z_sL2Gir2L6pGClbnO54TgZEZkjmEb9RcPlWy4KKqOA1zik,432,0
6pqHiQ3fbTJ3KbLtHGQlkkSZuFSevF3gXwtMmgB9ZVtcFgw,14,0
gAmIK37EFSQAmd1MomtS6ELFHfzfybHq-81463JVyg0_mlA,161,0
ED0UQoOtNapHSvo31Y2cyFdqVy6SotHcihV0PtwmBSkBSZQ,77,0
s1i2FUDv-8JO9YpRk3EJnEpCohtdbYp1T4mEaOftKMGUURs,141,3799
6B-_tn_G_-HNCea3wAOvOl995SNAgpLycaZKwsXL-sRjYg,42,1990
PcIIKyOLYrle9ez6StMK83hybSbXO_6WNCSQqxGVO_leLtg,268,0
mDZdep-iJxqcPavTjjqj6SkDbGyDezam6eS_JlHrUC804RA,39,11010
2kU48Xg8tkVmMlTKK9fO995IbTm_AoHQlJjK2ABFuujQj4Y,4,44434
liTbfFKQMBiHh5sZoobpz17czpy92gASK7CQ15jHZUiXAoiyAx5p4Qhk,3,127
I2CRPf-8L-U37BQF7dxDYlUo9OTqrXrWGNSzHaApnBgghA,119,1521676
HAIk91nVfCTueFHHnf-dMoksDj3hEMaH4E54ANRN7WmugwI,90,5648
kZ1muBjgGxnRJqiT9ZGtXE8jHJ63j1yo7xjP89Bx7lDlnbM,57,70932
n31bW0qtx-K12LoeY9S2u38XfJS_276Wf4QqwV-WOSppt6c,141,4857
AADKNuua_8tnKKYUZ0FiFSDsUYSIOHLdf5It-Sz9vOoA4Q,163,4489
8r_yJAPw8kY7rcnCck72FNru3zhr85GfEXea4E4ERjM5yA,53,1365
mmxIn1lFtZB7dKgXqp_7q1oHQfUqZz2pMJk-TfKNZNVIxAI,201,171
cOYvIFIB7wavblhr3TBeTbptoDbKDhjt5lwNWqhevTxIPTM,78,5192
-zh5P6dwlDZ2LmE4NAktdhbk-RDV9o22RCb7E7NxYGY8dw,36,6242
eWAJS1gZnHG-hUosbKJWiVRsxzcfmEEvXb-KzCMbeYQt3g,15,107436
V5TP7x3pPh15ZMhHuakqrIk1Px9T243zqObg1pemCm_UC_JoNJ26F-n4,29,0
Q5obIQ-SC9naDe7yQTQgOKPBUl42RiBJ7rn8hujMPPLX70A,163,1679
lErfZ7xkpr2-bvXdOODIoaPZCcAdnQjIhE4rPcQ2IglUdy4,516,387
jhfARe0r8sUa4dxEEDQroHaNQBzuWg0qUpzf4V_w4NIS70M,134,10686
RhZveVH6lTj5Jv11mOlnzLt0rYA7lS5BhAwjhb1CRf_vQQ,39,25479
SscnXCZ7DYVjGtgvcPawhpGF4ezCFtDg57_BoR0nI7WCBN4,75,1071
qbLrRo3_057rfZHatvCY4i5DrKXupCfB8Css1VSJx-IjwvmMZp_5-zVu,75,928
x0klK_wv7dhv3abRXel--YYoRoVAfVniwhTl7lL4wp5tOg,432,7132
sXqJzleOLZHsu08QblRSTolHVuCq2Ux2SNcpoOT7L1nT_Qw,223,2252
GyvoVdnlg5kTSQGM66Iu9aAwuFQEYw46ajXs-PbwuwvCEFg,54,7120
6qn9sszw4FsDMFdJwywb1_oBdwShFSbmlwfN7xIWle3kmg,56,1219
4zq8GuSEHX2m8mOemUKsYyzSYHejdNObc1NGihXfqiKuYfU,223,12518
wU8sybzj2ZuiV1o1ahUyzjzLBJGQx3rKppyH3b7pjkdfk4A,427,62372
xb2Ub2-9eRWMRrEVauq__nkWoY0qeamWmCvOQdx36LLdqIQ,236,63097
4pXm3jCxrDohB5s1ukz1Cr5T9bgKn9-Sn0S4XTLPsdFBE4c,56,1898
C4jhnBS3eLUAA6oBFLIlLM_A02AOfmpy8sxLDgY54Wiz3VsORWyzezgx,38,0
778zdNKw65WEvxtIC16vMi5mrPi8BXxVwnb4qd1eBz0uZQ,133,0
ir7JRbgyBsNpgFv1ccJLX2mnhuvSOMGRTG4OByGvyIEgaKc,141,241
3gGDQUGINKhF4nmHT4-t34Dro0sHklKFLc-LoDYG3MhSYNs,497,3076
YdPYfVpRVIB-kZqG2OhVO9G142RhlhNMQebDmXpE7g7bCw,86,0
S4dR4gu-wNZhyR3BG6Ha0rkZ0l7EsRBaXHdTywX9_okwGQ,36,30289
cmXCl_SE8ZhxdGuw-cTmhTqqQayWukIbZWxg-fFhQ613gw,38,7893
vZmrz5F5rSnseYTkvod-RqM-asJVC3KPN7bNBLz2de11Z1I,36,5721
Eq1weiB9Usm8OGHnz9QhlssbpM9cEaMbKW4IvfKxuLxLcA,7,41768
3EGLvShvzOmkMnIl8qm5aRIouEYtqFrSmzesH8JBAcmiFw,32,1586
ig9gYSW3DSYLcLJ4s8_I8BJ3B6W3k5kNypE0zsK7jCIJJ5ZD-s7nQBm3,120,0
HmuB9G_bV_mveuwZby9DOunv9en-r1AyNyR-lYGk2Xr6Kg,223,141
E-BS1tIIjMJKHmgRsZttzF9vqXF3tZl-mvTY3U_hC7eAR0R3_4RxkGRc,42,0
1GP_FF4B61NU6uypZj9aE4z76zZTIqtt_Uy21myhQmyOP3Y,2,11412
iJ5G5htWIoUNCC5mtwlzU_Uif4EoimdHBHRUxX8zniYzaQY,121,52994
4b88LO_4Dxgn-Z4ulSQ3Z4L423JRHC41vQZVkkRj4X8ywg,102,1820
iazeIL9COZAMeJHsbrwrbFAdx4JBCboqACYWR11XNp16uw,75,46204
Azw8iqEQLQxQkC1aEhz5njpheUT4n5GNzWujONU6DvNxX_W4EVHdxieu,45,5579
X3KYUN71NjxMa07p_hJKu4ZJ5kQx4fObXRwr9h-PYDYx9g,63,1242
XwE5FcaUkBd_RsbWP9hg6mL1KhaiLl-r_D2EoNV3sLe_JA,36,6655
b-L3Aa6fyfDlUvMtY2yN7R4GGOz5tM2P4wQShOPcZwJ1Rp0,44,2149
2E0OiCV3relM1lGqWnvcOEhS5EIlJSxZvrUPFnihHwsw4HY,54,765
TlHB7zbnpHQzkSo7Fug35-CoSfuKyXBhU886YhlecTqw798,115,0
4JbqD3Y3lOoBXh8Hwpaia3nLYH79PJtE0wwelUyW0CBisCk,31,252
An6Ne8Q6b5RIQeDn710sH7G7t4xPOd78Bt2XQ5oY6eT0jw,245,10024
TE8iAynAcKfGY2z4TWxkZu8CcIdq3zrfUZR72JpX26o-GNop2Grxe36x,133,0
D76Pk98Fomkn7Hv8XRe7XI_QZxkn4kaluaOx9tfhOM9qrQ,23,28988
v40F0okv2F9SBB5DVh5PvzrXhk9_9spCdH0PGzZ4_zv6syo,20,4749
9LcQS_ACfLk27nnFLWq1KGiA6GTrmpG223sMIFwncOgqUyI,133,8489
rReqvoX9VGJeQwXT2pc32EEEnwxs3xpKmOXGs5RFeSx0qag,54,20644
uMovUIiZpzX0wZhrKV97tSTyzaYUaQs0CWLNY77Nb5iV9REOR7gnd0ZI,22,0
2hG1xKbtbgxE18OkAhtBXIE0c4Kl4ouJx1LWnDL3f3pkyye8EXe3GYtf,141,0
iTAiYc8mJf-LDcIx2rsRerB8LKRJkKR7Yu_3DS8kSwE,20,0
dZRTi6ahHSEfzCcrUgPhdO2rC3OinnzbNmxoyOPD5mbL7hVLyyyN7hfW,3,1022
hXeh4Qg19pguZfB8kW9G7Ni-2v0VPefDMuf3eAi_Z-6Q2Q,136,607
5emOjV11JcGpYJ6mSL08zcyZtbV8i71MBBEn4CaNqsyWuEo,420,33099
HP6c_teyBKnaU3XiHnUrUd1forTtO8QVC1JHGCLgXe95Bg,14,0
1O5z6Hv_6h6uNm-rSHroXcR3Cy0aJbF4vilAQksWjBvYXQ,80,2247
UEHFM3dNYo1FLsjkN3k3NlcTxiHe-ZbUmZjKsuy-bxkCLas,240,434
2Y4MPwblQBltGnvK6OzHqCpL4-HNPcCPeSJwy5Dcutr8Ww,10,0
8WIJWEY5NK6AMz_XtGK9AJUiBvE6saWqzXuK9-JRqabGDh-mLiQjTqJ2,84,0
qJ4qud3_MvLETovxw_5R5gpcL_bCwhNHsSY4syTMcRhtSw,202,5603
vz1jVmV-5m-2lNdw2DkD2SDPGdlhXQF-40-W013XOS4oqZgDTfGNJzCc,56,1714
XqluSEhneZRnTTvUNCYn8Mf_6uwWXpZy2t3IIkB6sx7J9w,78,5539
IZWwotz_o4fd1jcmwAHBOYNutk_mG2siLLzb-nFMuDZ33Q,3,2649
5mDv_V_HmIZvCpVQu5UKlpBxeH_gZrsgA2cz1nBgY_2dcg,36,2095
kdx-qfc6OzV3jMMa4IAotYpGnwg4uw2FtELaC3co-1oDIw,96,10089
CPv0hCDoFZDwAz1Vk5rkiRewGfFVO_UQ61h29v39UNap7A,24,0
wPlOSBujDWDYpq-FfoAkqRJY6OFXxCJrpW5hwJpPMEwR3A,24,12125
kXGY_TUcoYdMt-3jzEM3sSZXQHncHdq0BGnVxP7c8-Xq3PQ,61,3191
ThZB-l71p4WJX-WO9uQaN_gbbXinFm9is5SaH-eQsKYwb30,236,155522
L_imIvJmoyyLTYYkyoLwssb6oElSc8BDEF_Narh4AosILg,136,28029
nDTr2PbGH0bWgJbjzRpbojz5dfaYMfBozqbRNLAgkXJa6YxId0bIytUS,267,0
3ercuP0BGIrV8j-Z2OFllj2TMO7JzZ4PAnZLWVkbX28YgOk,22,38248
0uh8zP1sb6qsbJThGQAjnf-2JFuzk_kxEwnKwG5mSv5fELU,30,4912
R_-lNxj_XssExbaxRtFlOZk53uWZDUI2l-ei8862icASd_g,32,2857
k1WCwKMBRM9xIc-BUyoaSzrHmjufAC9BnF1vwGOAyYhzbrMFyOzL2kmh,126,0
hxT1vW1h-0-3ZNSy9A7tjpioqU0DprXyUbtF7orUW8f3pA,201,11498
jeyHDX8TtD_ek3D00YVQUXkrhK_P4onv_nQrUwjpugV7dWo,78,12966
yCOGIOssW4_A1CjJYTZuqiVCEGgORnIrkjMQeHsnHWub4g,133,2545
cVWR27KRdMKXH98SG4Fwf9rGu1zmJyVSwxjjiMgjMWXkSg,134,12114
GnHHw28gplZdG8es1BvrFBkFFtx30niANuAeMCGZqr3WbA,16,10095
zXsEXUqSKy24P1fu7kY90ZjHSm5a8jIZYkuHrTy9UNbDN3o,84,0
5oM5LrjeLRsIsefH8R03uvQ-EIjVLZIm_t8F50v-Kcc7kv0,27,1946
Uw0RGMo51FJY62w3IiUEX9_Gb2Ve-TuLr0OixuSsAiWsBTJLu_yZjh5b,115,0
4e33jz9oN_bo6Wa53k8CFtghX4lGGUyO_drBC84Kx9yCyw,69,1209
1oEMeK2LSLGgDd1DdTJMECaQXRso0u-5vKcDUs__7qQ1nzs,69,2637
OptXUk57uNU3VZiPKa4gPwu1lOrM2K9dhv7uS2mjy_i6h4E,57,3318
5fiOCJa3FajOwz-3sHnwQpUPNy0H85d7lW4A3NVsUk_YNCs,84,1573
21tTaQshcC5eQDsx1yh7UU_jRvrLpPBOOGgkZQzvPSWuIXQ,20,0
5emOjV11JcGpYJ6mSL08zcyZtbV8i71MBBEn4CaNqsyWuEo,432,9751
ZIJqRRFsGKMVQ09xoL8qTH84mvmP6eeJ8MRrXb9QbLNaSw,202,651
GQS7YOKjHGXoplWyg3tBiY2J_yCFYQiDhZQuZrBM98GqEw,432,12959
L7u3hZpB6O0DQvk9CzsPdlS1DP1wTp4x-vLa8m6VABz_bBuch5MA-zhN,104,666
DULNpsRCqYFaZnU2QFKMXOMegmxOz_OmfS_SO36uUwjuy9c,80,4940
D-E953nBmM-tFh8dnyae-rtr11uZTL8SezRtPhoAai1o6Q,131,0
iiSprVrueKhhjUGrCnb7E_rG70etNZAxtB-xgP2fwd4HEA,105,15911
oPl1A_qnG6_CXiaLQyWq4iq2qd96MUgzmG8cj0nQZWtfZqE,56,0
vvI7UX8SOjo2EcjsrIp4THxIGQ4UWf3Ot9Aum_SVW7bO8g,64,47696
wee1cMpLWiINI55Ks522kak4Dk9Z3Lmew-IHTvZ8PQcxJt0,133,7000
taSkwPNAgfPIOwBDCYahYIpqrWFdt9d55Ymh-vcp_D3DJw,236,15092
GM9JJuxWThOt87O-q5xwaiQlHgy0TGvI2fZM8NwQxlah1nKYQzwBD_xa,54,0
ytnTIOwmdpeYybln1kNVtl-GnrGCq20r0sWd9si8Rgff_w,141,0
I2f7AYqNiK-y3dhNPwSADmnSXx4OSgA_zi5tPiyCId7RVQ,76,16936
upNBwibVlmzzrUhGNeWSCXN3AC5SAe0RwVUX1k_0UDXA1w,36,1148
ruyyTP00IYZ6TemPS42PXOPPFP_bf0u2FO--hlGb0ffJpxQ,236,2901
9h2bQkSD0MfCW5t8Y2ZEYFvUShxcUvFOnWDJoVY-TeXB2kk,24,3805
AADKNuua_8tnKKYUZ0FiFSDsUYSIOHLdf5It-Sz9vOoA4Q,32,2596
pGROp02BZrMvAg7iOs5GalbtBS6vz9I3ZTUVAzZzrhIldg,38,25391
m1eaegEnb_X5-JLoNcfPoytJm9p_q35A15CWjV146WCjrA,202,25674
eWAJS1gZnHG-hUosbKJWiVRsxzcfmEEvXb-KzCMbeYQt3g,201,4554
Df_tYeMf8_GbExWcaotbL6eHVBeUa6ofDtnuQKYy_M1_16U,16,1448
Stem6LYzlukS6PyqH5bZ8oLAFOsK3LD6LN-rkDBih1_Cgg,90,14173
QhusPkpHLENk9MIY9O8twlmCQoJkY-eDa9x6FFJHVNqhgA,45,869
6-EEIwmEklh0GgfcWPib2uhLDnlHpjspW0dXf6oQYTHtRA,64,763
UsjpJeED6gHdqYAlMiCZImxmSCkyH2z_KDoH_e2BLCLpTrMWmjNvROh0,56,0
esnV-KIFw-6zD7c5xIrGhLWKQF3w2-PfjbNjHvnbLLkt-xJBvGpT4s91,101,9497
u8GnhESjsZdBFwNRXJSnlI3RyLu3j3AQKve8YfTiP9dLxw,56,0
exyWm-9D3Qnpp4r5YPW5bSwwYHWXsWNxU-51_Pp2EzE1JfE,78,34599
MaOBmflhZvAplJJeWMnP3QLmXNpu85Plk6RshUMq5LPJ1g,22,3602
YPvM7iwmMjgfQzCMee36YEuybToS-G7qGaFv6cwMcsw9rZQ,202,232231
gfR0WSxeNzKX--_EuLm7PUlPEdnCR5F-5JpVMVbKsrQqI28,34,2246
fYH5Gll8pb59LgzxZzbIWxyyYMTdTIROQg_vXHh-HxbSzM0,427,11793
oqdS-zw0Znoy8J1aGbAE1lPoBZWn6oN3hWl1zzZgOkbWEQ,119,51506
1ZmM-PtA8y1B1RttrNCDcq5R3Uprfdm_pb020xb605kYNLFPRgMVSIF9,69,1399
DBBC81Gw3G1av82aVghRn36EvPYLf1YGNzOUaQOvw4gwPDI,201,37825
wX88luWo7j7zw9PNW_sIfLsH_Ulh0MFgK3JSFMjxLcnsvYU,120,0
ouM24Si3IVrrFi_-wgIQAnOg6lwy64swKDRJtk0bBeOO49k,42,0
BmSnuJHgO_JbX_i2NblZpTZcC1CyTZXqmfxZJGPbDIPGNrHsxRl-qRA5,102,1146
xUtipKp3Wd1i9wOj0yVDyYnv6yndyZiWBjZo43H3bz7A0Q,56,172
4xezYuwt_W2xJ_xEjhrPBUvjrc3nmoVmdaYzqFOPiu4SaJE,77,204
OAxK1qiMYGwuViiYcN7yb2FFu-vLxgDF2rEuXcDy6kTfDRk,136,0
9_MUMT_Pvpljq6UpU42NyxHm6M3JS3rMqedWaVvhdH9CQKM,12,0
Kgi6iUqC1HsMNUukwHVcUQe6ulI1xhPdFre2Ycx1QtB13A,29,25756
9jG34vkFFYiV1I9Iza0LT7iQ09dgo9bnKRelqhkfs--9O74,42,10521
C1aRvjZRUFtN3DrTqViyjWZ9VXONCHyDbHNhCHIInofVfg,420,785
PC4C93l1j0CKPgeHh-3hBlGfw2WLSqZTykAPXd-l-98XcA,106,0
vKjnE_zk_4ZPbHMiDZUIe5ime5yyE3ijyPW27qleGZ5CPUg,113,0
yATktfHhE5NRntN3EO5pgreicvvLj736bDvSneHIR2VXi9XyG3JLWTLE,121,21287
Wmv-lOpavJhvj1GGWWQtK0l3kc5yxz-GGh_rp_MfbXXxLyT9n0TsvPtT,20,751
K_KCvV9DrXZ7Fc7yNnKqrFeyvXMq5VxTLJ69QzYROY7qVw,79,2930
GaHnPAcejDoUDph3Fdn2cRpQmgcYAiSSi96sk6wnMonL2g,105,27445
zsK20vlZlhSpImYa_0-H4WhYjMc_gChZiSbTXLqIF1o268Eg4VqApzdK,23,0
Tj1GS_GdGb74pyWJSH7I_qXtR75gG3l0UaA3gQ3dFWDRg_7TDzrT271x,516,0
iaSuvR6-DI6_UYVO4iHaSEGsPYDTgKp5joCDFMrwq9YIjQ,104,10397
4woknL1zUiVIHV3k_Rqvp_XUXohw-bYxvrSV2zMPLdyRYhU,28,0
6iHw3SOrG5Phnx7tVOxuQptiwDqWgV5Iv_P5Vy_dNNuebQ,23,222815
YOGaXf4Y1lU81sO1xQ4MNYJxpHOac3Hqks6hVISWZXi2BA,104,28235
103y_BzYZK0qu1o3hJLdkDkOCc2LtrDm_-xRgnFYwZAW5zY,10,0
n5gEdKmPjwbEkKgJ0Zrpm7ahtJUt49nm8n3gzBXm6nUiGg,25,182
9xjhBnMve7IlgcjAHod9E8Q0VM0ZdMwOi0uyRDQ0_KgryRU,516,138
4e33jz9oN_bo6Wa53k8CFtghX4lGGUyO_drBC84Kx9yCyw,133,0
sL45i7QzZAExmdMtdM34KAqKYGTBy6GV7qWkGDkgdx1ioQ,24,2005
uqqmaQmkTgOGEBcO98BTkEB3_Gn9NNmNc9Anb6u9Fk-LLRY,29,35788
g0ITJ-lsylzrNIM31MUylGTVB8ytW5WoPIYzd3QWlQKROAM,42,0
-PLJuOjKPvk_yaAoln4Q4MLaANOodxw-HbDf9T-ZfU2dhg,134,7559
ijQJAtZWlPV4g52tPTb_CC4pExRyWTWACP2iKJfwiZf7lg,39,65035
hXeh4Qg19pguZfB8kW9G7Ni-2v0VPefDMuf3eAi_Z-6Q2Q,516,0
uiz27QGBngnKHicIBWD0BzO_ICXX5uhhG4LjMJMvbyduERM,31,86358
RXjeGZ5Dy3e9uhiM6OSrpp-oy6bVyfZIjegq9ftt0WT-uFpI6px4kHv-,432,0
1P46zFtm4ZluN3I4DbHNA1--2pT1Z7CMEajcPbAUxAaI6g,74,143
zybT98Rb48K7eDQcPh4WYUjnaAkpuf7BItvUOBULtdk,57,1682
TUITXLcx4k9T87DNppMR1z9hdxOKkIpwoZGcPUUoiMY1Z8I,119,0
SMnQIQtqJh00hi8S5fA9aWzYL55e4w5bN_fS9IGHjyz6NOM,7,682
oT7wpqwqUHim_DOf_AZxw-G-Y-DcLvVU52FNMxdne70tGw,427,0
vgESxQty6ZTRn_TgAB8zFEE0yxrKQbiT0EgLDhWZ0l7EwaE,32,0
BDOOuTWxZYwvFA8ogSFZvtZNC6tAfeS44_BZxoQrnSqWBy4,516,16668
eoZ51KSTI6_DV4FsLDZJI4pXti4B4wXaLqRkLWyX8XymSic,161,2767
4mf5XAPkCvFNk_rGE3D-xxxLlcljTPqtwlyiC3HV2LD8zQw,20,19764
Kgi6iUqC1HsMNUukwHVcUQe6ulI1xhPdFre2Ycx1QtB13A,131,8805
QP7-6kq-e5gvVdqD7Ow0ZZIAwnSNQiK9uCHmCn0u-IGW_xWV4zornmws,427,723
upNBwibVlmzzrUhGNeWSCXN3AC5SAe0RwVUX1k_0UDXA1w,76,34824
VOM1izvfxY4aJaNlZN35aedYAhyChRNy91idTP7Sb0gS6Q,25,659
vZmrz5F5rSnseYTkvod-RqM-asJVC3KPN7bNBLz2de11Z1I,101,75441
vN-qYERcXXib3O-uoNbaKOz_EfoRmjPYEQ5aJtINBOOaTA,26,914
bknxSzn8l2HHGPQNROQkfnVSGMUWPQx7lz3YQnDZNrsVRQk1uW01mBq5,69,1383
0kgzAmnz11gZ_aA-0EVLiE2MUbd0KcEjEd-TAxA3xOB5v5g,240,9468
mlIvv2s1TCXouw7PD6eXGdn9_mK7dFijSJI8pwvODEgMWw,44,0
BiNGRzcCED4-bqmgKs7_tEWVTkqDpruRMzdpDDmOQapwGA,56,8468
W4GkslHv8Ym3THOXLE10ds9mqS4L6lvcrHxLRpKYRzHFQBQ,10,1978
Ih8zpBp_sWJYb_osFHa54fJcFEnNYc8nvT4dG2_TiB6gdhk,201,980
V5TP7x3pPh15ZMhHuakqrIk1Px9T243zqObg1pemCm_UC_JoNJ26F-n4,114,0
cbszgaG4y7OCOKV2vs2AzNFh4KgluxTI275c4Kg1PyabBFM,78,9344
2hG1xKbtbgxE18OkAhtBXIE0c4Kl4ouJx1LWnDL3f3pkyye8EXe3GYtf,90,0
wmZIV1XtkgfM80vccvYbNi0XDXiBLmBT-Qf742WcZf9VTA,24,0
SscnXCZ7DYVjGtgvcPawhpGF4ezCFtDg57_BoR0nI7WCBN4,16,2196
8uTfhUd01mg73WvF1zAO3gSlGqJEFlmzHnmGJWCSPBo9MLTKzA1uqWUp,33,0
KIdA9b5AQ74hXaBtorz4vkSpyzVM1XefWVfz9y_fJ1JiyoVvzMlYP2uK,60,0
GnFoyfdrPMkpTyVBnM7g8epfOK_y-qRwZiZATc0G8_I3Ano,150,23487
4e33jz9oN_bo6Wa53k8CFtghX4lGGUyO_drBC84Kx9yCyw,64,0
G2Z9561vA2QEcUfpNe9C4HVMAf71mGAElFevYnd8ZINEkLQ,56,0
2IigjS73_wxJeCuS4l-Jvp69ay-LLhR16a4bsaFMMdbr-Rc,44,1541
zj4EsoyzqTFaLPWfra7z_RAIBtvETy2PS7dHrmLrx2VQaA,38,45790
8xlxGR-AaRp37DsDWH74QzCj43XNTBDF57r9hVtgk38FOA,26,2603
zOZtqk2KfyfiBeUgwiu9kARpwH-EIHiYLXvkXFduFyQQHtSgwRfxL1Q2,16,0
S5jcJSIZzqdn62qZ0mn4l12BONos_94bDwEHU2-_yi-mkA,76,9986
yL-J8eOgY_paeogp83rXN0RtV5N8AkxOf1fmOUJn5EJto6Y,42,63320
-yi8GG_G86mL7eU3avCpkd4QmszLbhgC0m_69o5bxv0r1Xw,23,0
XqluSEhneZRnTTvUNCYn8Mf_6uwWXpZy2t3IIkB6sx7J9w,120,17480
lAVhm8d6okowwaLLVXIGTbJfk674ztPYGvaTuafiu0EoIEQ,23,0
to4sR7Zw74jP_Fsxtm7k4EUYdf3VoOi1o8zftxIz9cK-WzU,236,192707
qJ4qud3_MvLETovxw_5R5gpcL_bCwhNHsSY4syTMcRhtSw,126,0
yepy8rpjYS7aclDOFIQY3v6V04iqCGAJzLeUY8zgVN1p8g,35,15774
VkopDol2ponllZTCvIJWtouLD1IJf974scanrpeow5_WieY,164,17286
WCzEPxgHk3yVakYgpK6hYq7rBLDJg3_BbYgKHPiNpwnkcQ,20,1831
oFzfVftnGFEhQowRE5XM22DLgHDj13vbbaAYMGMNU7ORHfY,202,0
ZFU5Afi6CJrqI0MnMKJc3raeaggtRTQ4ySt-ZY47XNlFMg,34,879
UJF1JkjiYM14bwx-ht6LX0fiDvwY9YYkX85G_Al-S3mrNLzo0bg-4RqU,20,495
Wdi2PCvUfYcPw3cNfZ1Jyo6yIwQyNzDggmaMFokcpxNta-I,14,1609
dfNhsA7W_q2_lUMGEGExyvW5qgLL209lgAonHrNUomuEmA,7,0
kmCg_icB0tI6cPw_720olZY8a9_NDdEeanteIxKbZuvURi-QyXNQ3pVb,54,0
jOauWEHt79QfPkfv5brkYmFhXOCm0aZqx_s9tTqB_hvpBg,20,16111
SxSGSJndIMhB31YAxnTy4DUkx6BpAzT-xoQrFlRJwa5_vl4,80,2045
I80xWWvmy6Bs1UNVOm-Oic-_igfmysjHCdyo4T9_Gac47A,41,3520
CYZbfvUMXsaZX9povZjlf_FCvBC5dx4p79p244359qEAU0oiIGHsoteh,3,0
a52VLKMtWhwlPIn38nFC69jAssI986UwPHYrtvPjoBuLj78,516,0
8PlM3c0ii1kZfIIyp2m8mFoIvEqcg52KoMwlemjiwbhHvFM,164,21405
nyi0MKI_X14ioeTpuG06QDzv63tmvB6TA_U4O1PauLMiAuY,84,1818
--L-SRQZw8hiTOXDM458BxLEdRN2aKGiZQ0fJGS0Dbfe7GM,45,989
7DZOoeyjHHvxDB6rwYFIXRP3BFh9l3mGNLE0742B8IYTxA,63,13946
rtNv3gApTi-ykatr2jfbR7FlWk6OVDolJhLuzKNGgqfszA,10,124
pmNjbVjcrJhrs58PlgvsHWg9hzBfs4uFHWtkpGR8unlP0A,81,31810
WgDMGsg3CJ3sLxJHFAxZBqj628YJWbiUcLSYCT29yg6CUlo,133,0
_Go24q1E5ETFx1oBkOq3fyTbtjuKDyKYwnyKvIfYULYgPA,121,0
bgXPXFL0spznd91pyU90ckRHftR62H3VxU0cAh3MzWhDZw,131,3633
vLTx3ATz9MLmn0YW4vVIMBjKpUL_Sw0NAXiRgU8aMM3sRQ,23,7756
16wwdFS3EU28BpCTy_L8sTvDe7ufcPdA7jvCwD4oCvwpbwY,136,84
L7u3hZpB6O0DQvk9CzsPdlS1DP1wTp4x-vLa8m6VABz_bBuch5MA-zhN,20,340
wO3NuPSENCGrp7Pu-WFPR_YNJ5RCdhxOyewqSZeSx7YdwEo,136,0
4rnSCy_6az1cJxcFbB7_iQUqDHYNSluCZ_ZeoGhioMNVD8BKFJtKKQ8o,236,3766
KK2eTnvJ3_iqhyBzW-wFY_Mcv4ASCjMMA5bh_wOun7TXXH8,432,51292
NsNUE0JYMNARwNhhMT4HAvKjISraMRbpUchw19JkN_YYVDM,429,1936
jVAG3wQ0TRFB2Lhw_rleZgpR30MhxIiWmJwrExgZY0LRqRE,29,7766
oIp6lku3rf_TPmc0oGOtwcrQrI9kjBE8CgZs6riwgPsl20E,34,0
YGDQJy3BQUiP9ZpYxphSGDea1c3jaZ5W_-hRuj77h4opxQ,84,1080
jU2-f8mpAifiOFPJwk0dMj5NYR8MQrlYHvqXi_8iSe85Hw,12,20070
oFzfVftnGFEhQowRE5XM22DLgHDj13vbbaAYMGMNU7ORHfY,45,5986
s5idwOEzpfvrs34q5xoaUHgHshwQ91z96zrMXfwfmdw,42,4167
Uw1q-wCDi0HiE9sks-PzrHG2gIczYbl-fFiFxxASgF2FYKA,432,5487
d4NYwl66EAi1v_6_kBqcjs9QXwwhXQpuZZbWGMB6nFrO84Q,29,30293
Fcb7ydBksZvR5y9TDX5FUvqXaXJjEtzndx2DhzatNwiEgZ4,36,21842
GM9JJuxWThOt87O-q5xwaiQlHgy0TGvI2fZM8NwQxlah1nKYQzwBD_xa,38,865
SCBRCy9sSlmj751PNVSJOBxZZw7WxPXv-UrmFkMQLHl-nQ,29,10044
gIg0VxOEZ4B4Sq5BbGM2vZ5lWEbkbMTvs-pQSYbnnxOtgw,28,37996
Jj1OOxJ10innkydFWjh1vXN7rNwqK507Xxw3O_uVzEzjIw,36,3735
_SIuzRSW0O1HLpSEN1uhbqZMi82T3xx5cCsoj38o485eqqeM6Duhdal4,223,0
ThZB-l71p4WJX-WO9uQaN_gbbXinFm9is5SaH-eQsKYwb30,202,86832
ORDlLLpeCqLmlTW70CGFCC69UooUeywG_W7jMoCclxHBhg,45,1305
Xrv3vn7i-Sg5MInzxJvR96lmYiSjRSlZeNMwJ73d9eWEjQ,432,8458
XaF3r189UYIjpQdpiA_6rw09N6WcHvErX-e_OI0ws4oyOAc,202,6607
tdLIpE0dJbhPMFm4jBpYxoVUcZKG_Q465H7-MANovP9hWUo,223,55448
Utb93thSonAtkCFkwixqetnwqurqyfIi2uuUV_vAvpZ4WmI,223,1079
-BZNhWdgyJY0kymbapOhUiKh5nImPpLdvQxTTkwdt3b3wQ,69,0
nVpdfyTnQTwm5zzr4DzrfF_7WhQZ3dEclAzK4iOo4gt6Yw,223,5815
0TngAJH1aPF6dyBrCd6FovMxSAb7SH587TitWARL-bg5QL8,60,0
sRC5KRdjUfSGJAidJ1plR3l2en92yhfYccsR04g1KPwwew,3,5775
3gHz2cnwX24i98v22Ix4Tfssa_ykFsdvaJb382NrC6RZrgg,7,25806
rReqvoX9VGJeQwXT2pc32EEEnwxs3xpKmOXGs5RFeSx0qag,136,3342
NKs6aJDJeZg6K9ecWfBDalswVayTpY4lfwxxraEmFmUeOW8,432,19525
UOo02YKE1kTRDlztHFOlCnIpNKJ_GhR8A5-cIgZ2dyYUCQ,10,133
MufS8_kvTbL6ueHeowOEc4NXJM85CI916hGZPShuaCEMnH0,23,3843
cI55OVESnyzQVvd8VjPiffj4hLhksCYyfSZ2iQ6pKd6psTc,38,13841
lQ2Cfh0n1W_9IQ8WJUChTDLVPD39kFPBqocuTZH3QsBUig,78,3379
s8xkUwsLTt7iuJmTYKlPLgcenxst-Radh9PyxTiy7D6ehU-yfPTiSoJ4,81,2313
4rnSCy_6az1cJxcFbB7_iQUqDHYNSluCZ_ZeoGhioMNVD8BKFJtKKQ8o,7,0
91ekiCXqDq39g5M-ZFHNI88exYXblf2fn8OYuEi1UYdJUj4,223,8177
pc5dT8SsavmRPfQ8ghRoJ12qqhrjilYqb27zWkrB8edMhA,37,155
yEx2_ix8YK-yI7PGoCqdmczkhy_edj-ft4u6aUo6HeKsPiI,63,41770
NsNUE0JYMNARwNhhMT4HAvKjISraMRbpUchw19JkN_YYVDM,114,1009
HP6c_teyBKnaU3XiHnUrUd1forTtO8QVC1JHGCLgXe95Bg,28,0
pdIyzTKajCjMZ4hg2naa-tuIWPS_DtIZBFXmv7jf1W_-xw,29,15924
B8ETfjSm5HBk1etSt1JPrRUmOmrX9EFkz7baQuv6rgHsS6s,245,2407
NmaOwjE9gE_Z_zCFPSA_U1GPOTfcVAOp2xp4MbUAHJc,42,69440
SrzvOs5Y0EvwQN_e50Pp_FGosC_o2iWW4-NMmRRMrwWURQ,40,7507
H9pDJCjbgiH7ln1mSBG6wqMsPS1m7FsgqoBDsJt4yH4qAPY,64,90661
f6HJ7LtWNFua91ocbb_ku5o4pP_-TB-Wl_RDRkXc91PQxg,3,13785
QP7-6kq-e5gvVdqD7Ow0ZZIAwnSNQiK9uCHmCn0u-IGW_xWV4zornmws,516,10057
oCuT-x2Idg9ptlcNfSf_6tRxc473PCKkJGe2VlOoth_-T3w,72,1483
9J3-r15WPxkXzF5xWRJ-EPK5Fbly8j04G9KstAJKJIGMxQ,31,14041
Rf36Kg6V0YY2sfAQGSk5WSMMwGRzy2lYRQ7ygEXD6NA6Tw,133,371
0Ec9N-gqnWpXJRquJnzG43GX57GHnLkj4WLEmHnkyE_WwoU,236,50999
eyk1OKZ2QZMibf5W1w-FJ0QjHK5NUQFHoI7xv9bjo9xCoRNjm0l7jZKO,81,119
R2JmBDVgUrmhp6Rt-ARFJB05e1P9BEOSHTuVo6kj-ppPrWk,136,96
ihTkVkW25bnOZx6pw_9DiBBfSrGbloWBfn-lbD7NwTJLGA,245,1499
Xtd-D-QR_HsI4rwk0NXmcTAcgSJ3oljXQShAPvJjNgW99do,516,4306
CrkI8AOvzw9vL8BdnSkUll3LxM0BJJinNzuQtKjKBAppTpk,240,8427
5UqAaxLe-QGazH6f4BqYrceZWbUVKiUrPtedeOtQX5AnIF8,516,0
zjf7mrttlkNVlEbARpwoY76KdfEEs67Lvw15n5YC2848Bg,18,42766
SIZjZJ3UXbQ7SUBoHZx1qLspXv8NIbWGb25HGR4qAjiLwBQ,141,111318
OM4WgAR3PMqQE36j72vvC4PJeFPDDC4_Gv9tJ0owmX20pM4,90,8034
6kEnwIpOv490alGCCndLeFsAW_KdcrYB-FNJLaAThK3Hyg,18,4588
ZQglQEJenmvvLqfrc6lHxhzPBvsGeMZhkfb15SVFasnxIQ,516,0
Qqt2I1VaOxlp1epHFmONsTlT9JRgrKetVT_t_Uu_8DPhRg,9,956
WUu4BNBUfsBqTNwwMUZOIn6Z8N3PVHAjOpPBku3X4rsRK6E,69,61030
O8xwYEtcfuOq-ybskVG4W-M2JOIfQXKtBnF8GRrqk35G6A,85,6596
uiz27QGBngnKHicIBWD0BzO_ICXX5uhhG4LjMJMvbyduERM,42,29152
_Pj-IwiWkdq04abtZxMIebQu8aaKHhW9HKksmjMdH_H-6jA,134,37854
7xArtgDFLuc7IH6-lm2gAQjLTaOAAHn0V78sN74tI7LpkA,54,5530
VifbwNqPkQvC0JIndVT1ODXeDdqAMrVko3ufKqjUKN3nwA,236,0
SkGPCzZwKoVoTC6zMEKSk3q0eb5LfonYDOY2YZXj8Nd_IQ,78,32188
oT7wpqwqUHim_DOf_AZxw-G-Y-DcLvVU52FNMxdne70tGw,24,0
yytpy1zu2peSmuShn_YF6Xp5WXgn2FxFjBcQFuCaen87KA,432,15804
jHga28Rts3BoemZlFNzO5UQjlq8r8c_T2G0c9r5PUunW5Nc,104,12295
yIxqyEeXG_W1smJOiDTWAxS7mfPqCaxzmVIVVQ4SaF40bw,240,30639
I8qGJW0z_Fx1gbOAQ6HP5sxfs5NfDoFRoTLv-l_-pkM66uXe2F9tCbug,36,0
E1FvPiG6U3oOKH0su0PxuWqOsaw_4wMvFFRb46GuA5tToXc,20,0
IWBQiQQ1kjv0wk7jAHzBM13V3U35Y0zRkhKGa91yq6ofCJM,40,3174
U-PV1Cdz0L2ssd0ib3wBRbWzp60V-jeb0EQsxHe_ebbIZZU,516,0
iyt57tVtOfOU-OpnwlddXyyFgiuO_NkANJxLxf81AlvFdQ,10,5144
rnxx3jLU0SUEWMNXcmf-SzvfyL-V90ckx3p04KIrwRT1KuVSJD3AZP1U,7,5052
cYNInZb9BTxRYLfLs_OeoXp6ZuCsmc5FbrtwxGCFgEa6zLs,84,4173
PlHISlR3BT3Y7dH65MfvTGg5DXN3ItPs8EqlVfWlHf-shnE,54,6906
zg9ZGwvZEEgCNviB-i1uxnUnsZyAbyW3w_qluoVD39ospw,201,545
1bZJfNvAP8fpBaEtes0SFgndkjOtCTODQFCY3DlPRorjdQM,56,1938
vBIJqKpSgFZVOdnI1knIjCJTf-N7XVnObf7JNxdqT-qdaws,104,927
bOy97CA3-c1QpVfrLsm8cNm89_bgeOGv0RrxGyg2MV1h_Qw,56,0
Qa2E_lc8pHotxORIq61EPMmUmCKi4hQbqTTeFGjsu9k,30,0
8bVP9u3b9xEcsHkMoacfO99ZddDRlSIFgJpa24oXTSnDLo3RZWgIjX6o,2,0
zS2eqH1lUb8v_9Tpw2QQO0ZXhHR6rHyuA9_0BTpWe4Rtrw,432,11909
ZiE1M8sn2IB13BoJWsxVLIIULGu1bvF1ycfbScBUfAJWbqA,36,0
R9gySBGrlLrDqagJT0_jNRmd0srrUWSBoTmCi72akJrplQ,28,0
Pb4tU8iqy5l5xXFgI-x0X6tXykwFbHk3SCmU2FODd-Tv9O4,518,199
zliNuW254mZmdTd6EfMigvxWpPLDe3ygbOgNk30cLjdM-pA,113,0
5TYaYUgpefKwBvpn5HWw3JpGd73-GGlX0u57yd6c2LOj-0U,57,0
VOM1izvfxY4aJaNlZN35aedYAhyChRNy91idTP7Sb0gS6Q,7,12101
cmXCl_SE8ZhxdGuw-cTmhTqqQayWukIbZWxg-fFhQ613gw,20,9773
oOn2wtLV7GD0a-d3nOhXT623lW-amFX2HzUz-0RPWTI1yw,78,15789
Vgo-VHv-u_jJ7ZC-R2uOJtmetgOasXxzt6hJLYJrvEvVrMYLxuhJjfrU,39,79468
-enzJdkmiL8YaNteVcYDzdRCR5Qp4nJdr0Ul6pQGmDHx49U,78,2788
3xsDwuUy2UX42roaTVYGQakOst9XGQlKWup8GtLjVG-qGtc,432,140603
X-gbDJpXRalOBK5vaf72VdP29OR5_bXBsiCOQ7YvgPuVdUg,101,32286
8yZUud4qQkmQ49fkqCS-LfdywjKRq3fADxbgbIC5BwJPDDo,77,6850
AgtjIs2MpQj2r-qur-U-b4b_tqJETS3KuI8xQsdXKGviDgc,72,0
noOwwnFnTXCsqWHJUqSov1iW0WvuyUB91NXjeb3Ewju3Xh4,202,105152
StVxlvGpG3vdLhGCrhw3w9ec3BKS8HUBxsRm-3fR2Eol3xQ,85,3105
leHtJDhZlFugodTERMTE-edPf8gb-FPLHJIt-EkNLBzl-cs,60,0
Utb93thSonAtkCFkwixqetnwqurqyfIi2uuUV_vAvpZ4WmI,90,3600
5NU4vGdjplQKChRJBODpux2x03Qhyyt1O9dKhSC0OegdgA,236,20858
m1eaegEnb_X5-JLoNcfPoytJm9p_q35A15CWjV146WCjrA,12,20085
hZvTkvmeKjVUrDI8Fr1eOZJsRpYv5N6c0Ljy3iu5HufoZZw,421,0
exgn8oEUpdAo_4ClpV6Y7T_erDe1_-junzvQhUBrX9h82EI,114,0
8rpyxXXZEDcFAFwrgdHa05F_jgz9tNqblepm27lHDeLiKF4,420,5381
pfC5iGW9YyNZTWukgASP9e-koF_cJoZ-xvf3W9jJGpgy4g,101,1160
RaPx-X9zEIwywAcVy0IObhQrSj3CJotAlHZfltSUYq-7Dw,42,38838
6IxMidrY2ygTuwVRuMhxTJEflkmVdgbvfDyBPWjm-UdSSg,30,5023
1RSuIegBmVmRM5mEmo75EYXgYa-Vfi2fn6FAjw6CueWS_w,29,16236
-SkuWPaQmch1CBwaN8NtHc-eVRqF4WOhPg2UiXDwWt3zhFk,141,6470
5k0aghcnOhW_iW136Q4G9jbhl8Afh1mikJwMwYoAtv4wfA,39,76119
5k0aghcnOhW_iW136Q4G9jbhl8Afh1mikJwMwYoAtv4wfA,516,3487
2irJ4CkVBSW9yTDdngWMz6QktZ_t8t5bMF5ZQwdWFyk,9,0
py2I2jDuNuYEVePtH2s7BElBJMAXQPOmCJgzKWmpnGfvJbEaLrdSlExo,121,14353
FXFQBAoYzYZ8TuA6G-o2arhc7kb70nWtyPabjz1Ag3JMVYZBErv4g918,105,0
otJUfiEOxPkWXXgmose3qfK-3acbzrAtaq6EZuigU6JPeUc,7,17721
l6qYccyf-4_H8VOzHGMLJgH8SrR-HXssV-QEEIwjZ7Pp7Q,7,14550
40qoi68kPrBcSzlDIpgmf0JT5QCd7I9HECmrePoFehzEatM,136,3921
zybT98Rb48K7eDQcPh4WYUjnaAkpuf7BItvUOBULtdk,164,0
DBBC81Gw3G1av82aVghRn36EvPYLf1YGNzOUaQOvw4gwPDI,24,50455
BmSnuJHgO_JbX_i2NblZpTZcC1CyTZXqmfxZJGPbDIPGNrHsxRl-qRA5,164,0
M7Q2miTRsZ5NBXszF9Yijt-aoLD1Go61sfu0t0OFRQJ32APz1-HzR9FC,10,251
UEHFM3dNYo1FLsjkN3k3NlcTxiHe-ZbUmZjKsuy-bxkCLas,114,65046
IZWwotz_o4fd1jcmwAHBOYNutk_mG2siLLzb-nFMuDZ33Q,76,19689
aa6pWLZpq1Z1IceDImiMskuDk6PzlG4h_uSxhtjHjqDilYI,80,15022
wee1cMpLWiINI55Ks522kak4Dk9Z3Lmew-IHTvZ8PQcxJt0,427,701
IZWwotz_o4fd1jcmwAHBOYNutk_mG2siLLzb-nFMuDZ33Q,7,4430
X-gbDJpXRalOBK5vaf72VdP29OR5_bXBsiCOQ7YvgPuVdUg,236,30805
FDGmGqDoZqAv-tcoR4CWE7xVGl_Ivit2nklTV4NFzsofcg,57,26294
ia6f6X3AzcVhoGxnccK6RQg3s-gIpdnByyP-snJIy4G0tQ,80,5542
a0kRF8-AndHJ0jJpV4EPwOy3iGVJCl0x8tJq13ZynouQuHE,90,6318
Rf36Kg6V0YY2sfAQGSk5WSMMwGRzy2lYRQ7ygEXD6NA6Tw,10,11016
hOv2IxXqQXLfPNSD3ceyjIclVfZRxNjALZFgm4dqyl_3xw,63,12671
zfLRLYc8QgECJblsMrA6jwl43KZNQMFYjWHytwk47GJSrC6U1Wj162bG,80,1657
Azw8iqEQLQxQkC1aEhz5njpheUT4n5GNzWujONU6DvNxX_W4EVHdxieu,236,107034
C5OkGnaiaa0De8YwmZ10n4C4jVnxuf9hOfTfu9gIvi0Vng,102,116
i_9oRMTGLEPJlZ1hFBOCwIr1X1QSjckask0TTHjWQyUjUUc,142,260
tg0_HeCLEuIW1Yin_LOVS9R3JZa7M-vU15VmvpkwSMvLOw,142,4269
6iHw3SOrG5Phnx7tVOxuQptiwDqWgV5Iv_P5Vy_dNNuebQ,20,0
hxT1vW1h-0-3ZNSy9A7tjpioqU0DprXyUbtF7orUW8f3pA,223,648
OlIgafRO13kn0yscfEvSc7jx0azubT8u9uiECL4siWTbkA,76,1895
u63Kdgr3n47RRyehl43QMkB9ooBDtt9biEjdDHVimSs2WQ,518,9782
TFuddRkCRugqaoq4gszS9Bj-W4OUMKJ7RotgKXolbO8nY28,201,0
rYU9fyax6Sxj45F2K89jYlbXsDmmi944HgijeutZdpcu358,122,8407
fULofa4PtXlWX-Rj-XCR6egEN9X-hkkGRKYf_98OBEOonw,2,1025
CAaAHEf5K4VfT_Zp38ywH6LZKSzu3I2CoZbMSoE8ACWjlRI,114,17908
iDYY6Qvxft3yAWV_jhMkhFoaM1utLpCILKu5-4VwW8zdMQ,24,2412
WhFORKhC0YIwbemWsHSOnHQl5pU22sQw-OnYNe9JBjUaMA,421,4715
NeVrWYg-LUvj-6lKx9IgCG4jCHiLVXBrVS4Vm-HMwD5hHcu8UelWJnUh,161,1252
pzoxHxHyQOkEaH-toR63uuzi8C2vwuqO4VoDh3i_1fAe9g,20,0
VvEE4iNbrO6H5124XvZZfqBeIe-hob7kaKzXYMTzy6o6zSc,30,4359
5-5zK2tKK6xjWfjmqfUbJz34dMYK6qKJpDaJaYQ7RYgqd7s,14,763
1T5rHl81hAif8PYikrms_l76-Yekv_at40LwJjsAsbQ2v98,96,1223
AYyvld0muT81Tl-KjFX5uOHAS9tkYzNuPu7i0Fer13yvjw,76,9020
Bgz36N-5Aweg0-6YDHoYqvbHNopriMuQv0Ztf1D3jM7ikwo,35,19840
8WIJWEY5NK6AMz_XtGK9AJUiBvE6saWqzXuK9-JRqabGDh-mLiQjTqJ2,75,0
5DB5dO7FpkmlMA3tVeJd48HbuF5gXr8BDl2fb8EeLbWi5w,121,0
D3d-6UubFJYO9T-LRYDaJLPxsRi8MupDgfkMBSizCPY3N60,31,3920
fQPMDiajdy91vvz8m7lzISflE0qd-nmGm581bMMCzzFudQw,2,11687
h1dtBP3VYpcz7wd_latWD_vPbkhbucg45GpIeAFT0XkmwA,427,2660
wq_QQ3sCjisw_IjzaNana3HQ3F6gHxs89Hq0i7zoPQMDrOM,236,15743
aWDggmmRi6Dykl-BNLc_q1V7uCW8ByzeDJIa9MOdBzY3tw,78,58921
AjhTqaLmVnlUlnQ-S98vf81LuApyVY9vfUrW1i6kKTflSJw,36,3031
CMbKd6pni86R_qdc-lOzfmFCmsn4-14HMs4I2vjJw4lhpBI,14,995
gasRZNdtwmx6F94jYtB9Ixsdvv3HCHeM6ZYgznuq630,421,0
q_-Dubw7CdzAECyiMOpfhUsVyd6mIVdFf2Nzkktl-s3Bw4V70rnqFUjN,12,0
yuIy2tf1iLi7XPp5_K0apFi2chJm0Rg9YvNTazG5TvMCYw,36,2835
l-_YVLhWDeRPy0Xm3ZVJU4rEazFUlSKwwbYh3FGXEDqfPnU,136,1037
2OyqmeTYryZzy4FGGDTa52fGLoWms_vXtjPHqG2B6ERNbg,28,83245
nyi0MKI_X14ioeTpuG06QDzv63tmvB6TA_U4O1PauLMiAuY,75,21420
8rpyxXXZEDcFAFwrgdHa05F_jgz9tNqblepm27lHDeLiKF4,3,1236
QhusPkpHLENk9MIY9O8twlmCQoJkY-eDa9x6FFJHVNqhgA,201,1265
cbszgaG4y7OCOKV2vs2AzNFh4KgluxTI275c4Kg1PyabBFM,75,2900
06yrzqL6sVBaDvaKl_lvPV1KtpuGRYQbswxyUVtI614SkQ,4,7063
ibqJ-eMP1fabsay6TM0zl2QUTDUdqLdTEtUIA4I_CG4d2us,106,0
MocwCfZ1JsBYYMvgah6sK39TdWNzMwYw3e-yT9kujioPHg,223,12411
f0Goc0rUI-y0eeVzkvHOs_7ThiyAXxzw7TnJ2NQ9ErKI8Q,133,1226
ibqJ-eMP1fabsay6TM0zl2QUTDUdqLdTEtUIA4I_CG4d2us,44,624
tIO0vNB1kCxaET6ojHOcX7IEiAcQpjDNNSd2PvqGJLKRdA,81,200988
q3QwgIIEqbRZE0S7d0rypKP5g0nwm-PR1SzT1rnYKrXV4XYekOyaPe8c,136,0
F0x0-Dxb-Abqtm61l067AD1QX_kPyeL1wzjYQbZ7KlvFvEBxOc1xlgWk,133,0
wU8sybzj2ZuiV1o1ahUyzjzLBJGQx3rKppyH3b7pjkdfk4A,74,0
DZjGIPuz3vnHIvJXU3PNzvqE9Mjdh-_FhF6Z6WMzT015Wg,120,1429
BS9XAzZJ5XnRljaEMhpYPKZjRr8hdRfhQ_a_Y5llZnGNpyM,223,10416
UQVNdwX7FaRxuiMYbncsH68o4mUYThxL1Cgtf6A-wwuTSt4,432,2771
1O5z6Hv_6h6uNm-rSHroXcR3Cy0aJbF4vilAQksWjBvYXQ,240,6525
oIp6lku3rf_TPmc0oGOtwcrQrI9kjBE8CgZs6riwgPsl20E,75,0
Kgi6iUqC1HsMNUukwHVcUQe6ulI1xhPdFre2Ycx1QtB13A,432,2654
LNqBJzyCo_ZaH42YbIErmwu-SmmU5jv3iVphFrOffDHtAuo,133,178
k6S_UCmtyIciPxBXQzykpBTQhC-NtslcVOlAR2GwM0BKrEM,516,2326
6E2L9ppt-kyv2Vb3JGGV3do5RJCuMwmWUsWa2__wf0oaGA,33,4751
QAQ2SqpcM6RrsSuuLrkcd5-_IgZZltSfT-FIgNRZasHfmQ,141,5485
nDTr2PbGH0bWgJbjzRpbojz5dfaYMfBozqbRNLAgkXJa6YxId0bIytUS,2,932
noOwwnFnTXCsqWHJUqSov1iW0WvuyUB91NXjeb3Ewju3Xh4,56,7321
LRPhxvh8bSedRajs707uhdhUMJiywv34HbNUoj0I_ch9Mg,29,3093
bknxSzn8l2HHGPQNROQkfnVSGMUWPQx7lz3YQnDZNrsVRQk1uW01mBq5,42,187
C5OkGnaiaa0De8YwmZ10n4C4jVnxuf9hOfTfu9gIvi0Vng,202,76805
NbVtepwn0sdCb636MIsvFWPXXSPMswbaW7z7O0CMK4dEng,76,4042
Zc0vDInmX82oo-B3OrZvkiQkgspf89mcu-cPhk9mWK0nag,45,2526
N8yGTs8kQ7ZbuF6BkjY4l5HPef3cXcNl6szAAaQHJlN0GyJc7rysUVjo,3,0
8jZtb5U9KWE8O622fHpf9FdRxLTzmeDy35mqc0aqbeGuK0Y,268,0
Bb_baxw-Yd-pfNjQM1dBP0szX02XtBbU1HDdxRxn7x3vMmg,60,0
0hOWozbsfiZ7DNsxQii0atjOJXTlsuoCRKIVkQ1bydhhDA,432,8581
k8XJC9tbWP4VMtdxwu36cb_cVlO9q5nQ8LZS9Mj-OGKXtA,201,8809
TFuddRkCRugqaoq4gszS9Bj-W4OUMKJ7RotgKXolbO8nY28,516,0
QZ5Nb_GBMM_uDyrOjYxYo1X3oyy3YP1ZvWBrF0IvM37meA,101,14702
QtlDq6Qx_T-26SZ8W54UjSnkxy6VJo98CKDae9YM3zADEA,223,29410
UOo02YKE1kTRDlztHFOlCnIpNKJ_GhR8A5-cIgZ2dyYUCQ,223,18564
A2ETd8rw3gmyB5LYgVFh3d4U7yAx-TXJaRAmYkXnoLRHjsg,29,28181
fa7tBGFWZjQw5JKxYX9WR1vG3l2mc_8v4fJ98TjSZHm6Jr8,420,9716
G2Z9561vA2QEcUfpNe9C4HVMAf71mGAElFevYnd8ZINEkLQ,78,18833
0fJ7CyqPi9VQfNhIg_2WLFCCqQ0ZuDXh4Em7XkbMG8f71bNfjzpX1ivd,201,2171
m5hbr-xVzUGqyB12bXSqeEBl1GMx2gaksRkTkooj3odpAw,115,2601
zj4EsoyzqTFaLPWfra7z_RAIBtvETy2PS7dHrmLrx2VQaA,201,110
uiz27QGBngnKHicIBWD0BzO_ICXX5uhhG4LjMJMvbyduERM,23,144
ATorpEEBrKT92UXWAhVQZrMY0t0z-Z5zYiG388Inh5IUFg,141,215
DBBC81Gw3G1av82aVghRn36EvPYLf1YGNzOUaQOvw4gwPDI,236,42629
zpdKBkJkJP0aylssFczoaZ_yklJpjafJDFmJB1_ZpDC-WA,267,132
oIf_QH4KloJYhzq--hpgNsJakgLFVUfWu5PJTl3TLftrxoTRNVSqkEEA,20,164
dokddHPbUClRE6Gxkbm0SN3535oR1FNtNHVS2C-Xhp3_NZQ,136,121
XqluSEhneZRnTTvUNCYn8Mf_6uwWXpZy2t3IIkB6sx7J9w,61,29528
uz9fZlP0cKDhwj4APMMzERwex610LGh8B30LoljNQMTXJQSK8ctxwiFx,236,0
tah2HyO2OKXRgIo9IXtJ0uaubAUb1j-s7GvoB06fIa5QtEo,497,0
AOqt79dzR9SOIatPPi7PpjeJR9prL_KfPvJ8-i37P4HpKA,45,9446
kXGY_TUcoYdMt-3jzEM3sSZXQHncHdq0BGnVxP7c8-Xq3PQ,56,3059
b9ooYdksfgcV8-Pzdr1xO56qVCL8XjYF-I3IigOMZZ4wbQ,104,2605
dAW36l8e2VdFYEP8ccCtHf-0T1m4ezQfaynvLst6SID7Pxo,45,0
B1HxrSmkVIII_Vu90otzAd-FO-SY2Cmi3b1QkdIctJCyrv4,84,4037
9f0eMgawykfUB-XOWIZ8dze6ov5vp8muJXphXBDpirNXAQ,202,196746
Xrv3vn7i-Sg5MInzxJvR96lmYiSjRSlZeNMwJ73d9eWEjQ,126,661
ZDOSPsidx4RNl0R2KocDdN7IjKYFPRkwuLZbKINu-EZFxgw,516,0
4b88LO_4Dxgn-Z4ulSQ3Z4L423JRHC41vQZVkkRj4X8ywg,32,12927
mlIvv2s1TCXouw7PD6eXGdn9_mK7dFijSJI8pwvODEgMWw,516,871
rk6kICMt-_k4Oxj46hgpmYF2eYVDEtpYI8S1rjzbJ29dSoM,36,5731
MucG5VBsqZSgEQdGxdIw8LC_cLNQB7wr6Jf83mAVWRiSEg,38,0
CUjYTB5o7yCq7fKVkJEUhvAj-ez5MrrfIpHfGct6At-gH2E,240,0
isXyK4N0Am1lGStFiAga9z2CIG8oi1xemHBJrjwA20Z7G-mSDd4M6ozI,236,0
YEDa5kW39X-WQbH_friEAFS6oj-QBSK_ZFn58ev5sXYx7eM,432,0
06yrzqL6sVBaDvaKl_lvPV1KtpuGRYQbswxyUVtI614SkQ,38,9069
K6Evk4BjP-i1DhfgKjlJdf1qT26cWnHrjtrXeEvZo96Ffw,427,2158
UWqdAIv_tDm0j4qiZurpOJulQlxqo5Kl9Mahx7uJD0twW5Q,72,3498
bA7RyzdwJrDQoO6VJqA65NYm6hx7IDXYk3d51JyhaEHLv_-Bx1tUX4v_,131,0
ijQJAtZWlPV4g52tPTb_CC4pExRyWTWACP2iKJfwiZf7lg,421,975
UsjpJeED6gHdqYAlMiCZImxmSCkyH2z_KDoH_e2BLCLpTrMWmjNvROh0,101,0
ztJBdiAdLzQIPowCjDblft6_96SjJ1-SBH4qn7mFFUQnbkb_iuH5djAn,223,0
pNpoLdnQzB0ZQc_oYLcauV9e2vpZinQkAQ1cWjkG-OEEpUU,15,4824
B8ETfjSm5HBk1etSt1JPrRUmOmrX9EFkz7baQuv6rgHsS6s,40,0
DBBC81Gw3G1av82aVghRn36EvPYLf1YGNzOUaQOvw4gwPDI,120,153474
mQEXn1O8lmey8UsBSdY62WblOkNoBkix6c0Y1Uv4sUSF2A,29,270
nkBALpILXysC82slm4Ehx69C7DqT6AWAVtUMsqM-TiuhltU,96,10305
wPlOSBujDWDYpq-FfoAkqRJY6OFXxCJrpW5hwJpPMEwR3A,32,1169
Wmv-lOpavJhvj1GGWWQtK0l3kc5yxz-GGh_rp_MfbXXxLyT9n0TsvPtT,25,6544
kZ1muBjgGxnRJqiT9ZGtXE8jHJ63j1yo7xjP89Bx7lDlnbM,64,231267
9h2bQkSD0MfCW5t8Y2ZEYFvUShxcUvFOnWDJoVY-TeXB2kk,427,125
XncG88L1lUAWITaleOGsyoS-xyXBTAI-cjlGlwMdkd0Csok,420,242
zvSR5GUxi6LHSBOYSoLysRFn9Vg2gamYwwlPfM2d961MUQ,267,5963
AADKNuua_8tnKKYUZ0FiFSDsUYSIOHLdf5It-Sz9vOoA4Q,22,517
xHf1FTwjqbyU66GZ0E46uq7eRAppn8vWX7wirm_CI0wAJeCouFbv0ILB,141,0
Ydm-kLhqgIohAJVsKpmvGTXGr-ZRLuu3tUXOLGkzHxlwcw,42,11115
I6zmS9siTTtPWLyDjbuFbTU2MvU4f-JffoCMV0LuB-1PgvP591h0qp6z,38,0
M0DMHZTTBHRiM5eXaKh0hQf7Z2Goyil5APeK2CIesNKwgcclTdvc8fI8,78,0
ricz-kv7HaE1E0873dWk3uG_SMhXGoWza2TeoQGSLCVnhj4,96,1392
W2uPmoM30FSc3Xy2sjaFjMFlUZBPoe7snGyB5f2eCjK9yw,202,61712
Bb_baxw-Yd-pfNjQM1dBP0szX02XtBbU1HDdxRxn7x3vMmg,56,0
S1SsHGLXQGYKB7rl29NeCsIJItFrgAY8vIFj61y6sEtJL0ivQQb35Zzo,240,0
VPOGTmgCFq858YP_Gbusq-8OuO_HENJjo8VyoNFsfkcF_0Y,75,561
iTAiYc8mJf-LDcIx2rsRerB8LKRJkKR7Yu_3DS8kSwE,432,635
o9ANjRYNooX8SPXXPQ3UxP5NVdsUQp4mgOOenlbD1JYX3l8,223,0
uqqmaQmkTgOGEBcO98BTkEB3_Gn9NNmNc9Anb6u9Fk-LLRY,69,22915
ACG0llipBfx-yg5AL0llgtDt1npiVpcrziZ_ggIWXBkABg,80,39696
6kEnwIpOv490alGCCndLeFsAW_KdcrYB-FNJLaAThK3Hyg,76,4022
zj4EsoyzqTFaLPWfra7z_RAIBtvETy2PS7dHrmLrx2VQaA,90,35711
r79_a3gNT5yDyrV-Z0vYOPNOfGGg-y_eLCBz4qsFiZhPaw,223,0
Bynxe92F7B-ijayVc65fCfdJp9sgp63bzYxZN9df9ILDxj0,201,0
LqdgYZdTEeCXtur_YUjk-qTzRNdpvTVKTPvSfNzIDKc,245,56164
G_VetCOrXdDt5oGtTaYYmuU1_1V1yv_e-1-_qp5p5r3B7A,223,13834
bvtSmyKqyDradiUagxdulpD6_-FJ9sc8vjsWt-hFgQSQlF4,54,1304
NRIoAdRKGrDeVsLl-2V0Sm9TUAaRk4V4giYgBkM7nUe4uCY,18,25428
41EudPRoGjd3vTj_4GG74jvo-0ezma0ojNHAQAwx70tbng,236,9840
k6S_UCmtyIciPxBXQzykpBTQhC-NtslcVOlAR2GwM0BKrEM,161,3516
BvIzMNj3YEF81RcFQ4aWRyCerkQHq36Lo1qrB8GxyEczrw,236,17435
puxb_hmPCch8DzUg-ZSAYtUuyR6BHPl67CMswc3vqfJs8Do,77,166
7niYyCNtRnvk-L1Pukk0L5BPQytjoxBsn2_FdcjUjtL9SQ,201,3802
4pELv0Q9p6j76MKdrAjLOT8VuuST0VoG2j_Lim7tEDiN6sU,201,0
aWDggmmRi6Dykl-BNLc_q1V7uCW8ByzeDJIa9MOdBzY3tw,80,6620
Wmv-lOpavJhvj1GGWWQtK0l3kc5yxz-GGh_rp_MfbXXxLyT9n0TsvPtT,78,4965
uZpCV9K5BLeRPJKy9aPgVG6c2xLYcC7qIA9EYL1SIS3nn1Q,41,1047
NcZL9NgPPGzETjZO7GoPsB-j8Q1lJI0-DdzAO6NQD3zGs1k,432,2878
Z3D2bADL-gqGdcfRX2Hgc60zjVlw1OANBN-WUmn9Wx7viDI,75,60843
jMOBX0sPHAXbta1owK9zO2sxrQo0aCmqdyYrimiGFG1MwA,136,0
vGbrDBGWMKALcnsmhNX-bJzWiunMPMkhWB8ESTPYhiEuIRw,36,12884
-zh5P6dwlDZ2LmE4NAktdhbk-RDV9o22RCb7E7NxYGY8dw,42,54124
1CKGY5xOWIJ48pUm8LSXfFzCDIqkp2E_gvKol1WqnuHwaVI,57,4652
6IsAOnmLuWu6K4oUeau_ACaLM2rdw39gnaSKaqiYW5YJFg,31,633
besNYJCMvmQiJ_y9Q4Uq1pLHfnx3NbOeSGiGtt9-RRtwC4o,141,24173
R2JmBDVgUrmhp6Rt-ARFJB05e1P9BEOSHTuVo6kj-ppPrWk,432,374
BOJnba6U4Uw-X0qu7KgrvqxHNnOvG6yeOexo5dEfigbSEw,78,17380
rwj2rV7KhR_k24vUo8Y-VHlFvNZT0VVi6nP0rTlJN38VlQ,427,323
LpooliQtzvE1WJQlo2qYHq_M5KIjWdDwZrcqKBKXEG0m3fI,115,0
hBND2nXfDP-qlgAPWiV_L-PL2sow2e2PFl4dJNgTMkuAPw,26,11090
vnn4MjGxO0YqYKjDYkTOl9MOplC75qierZ2UOuIo-r7CNg,240,2040
g0ITJ-lsylzrNIM31MUylGTVB8ytW5WoPIYzd3QWlQKROAM,31,119
GQS7YOKjHGXoplWyg3tBiY2J_yCFYQiDhZQuZrBM98GqEw,141,20520
OsM0TGWOaUXvlzrJk7N2NCsbjki-FQ58FMDmo-HizI_HK6U,201,1366
LgTrN_T5Xlpr9nH4AH-BYkgffbujqNyb1dIBQkE2yJNsrg,20,6066
ZzB0Fm_2ayE1feGHw76feso5HYrjtl6nv4agycJXlLl1YA,133,3970
YPvM7iwmMjgfQzCMee36YEuybToS-G7qGaFv6cwMcsw9rZQ,25,4639
gTuT6Rsa9zCM9dVw7kIouP86cUA9gmaqvOFNbHSw9yDr1Vk,45,3470
X9DE7WV6KEFEKpazh223_0sVy7V-nj25RdIGVZvk7kY_0AE,60,2395
coIwXjFiEWYZZgWiY9TvE2yEUU4MNYE1f1Um9neZaec53x0,101,0
jl5WJg01QJI6SQR0e7O1tQtoAlMiWQeiwOzFHtBQCWdIUHY,236,29200
as9VxUOi1T-1zLRR5LZrJpE0JxAH9MFtIwewEwOsFPPLug,78,8945
iatnN6ycpbxOW3rtoZkY8hNm7pJtR7clsO6W3TYHmNUEZZc,163,77217
7niYyCNtRnvk-L1Pukk0L5BPQytjoxBsn2_FdcjUjtL9SQ,40,2196
iIGfKbtLl8D8V_BuXdsaYFbOLCKvsSCNFBR50bxRItr7Lg,119,91405
RAAeJ3_SfrQ3mPlzRYD0RfUJAYQH0IlEjHQo9H6JQnfprLM,22,22623
cKIXTV2lQ6Es7aoRqBZG2MU9CWLYZZP0lfhJfgP6wbDpMg,201,23812
rOCKxxTdeGEl4fmvd3o9vvrSvKGl2c6_BO1eqyd9D1sxy8o,16,1357
t1Ty5NIDH3TCb_duJUs8XFFtVlQVgPQfBjSKjeBubgQbajA,96,3017
Kgi6iUqC1HsMNUukwHVcUQe6ulI1xhPdFre2Ycx1QtB13A,104,83872
pp6SF4eFRA3h3vLPWDrdotaKCff-9JVqI2pTEz9hAdMfyAA,80,0
5XVqw1yMDEOjat50UwmatPzwuSeBx6dJRkNvMOcMc1DjeMA,236,24690
dDRRFgf9xm_6nJ0pw-56hKyq05PqkfsPVViMhreuQw,202,0
88vbFieq-J6nM9IUsyg0GhQ5njoFeohDhWUSD9AR6rTRNA,29,74397
EgT1-fY0jN2k59Gy5Tp7ugXyYPwpJ8BrKh16prt1xUOAlLQ,74,2906
DcIVBFiOG4fUu-UAYKShRYihlUW7IjJiFwFRdtY_h4vYrQ,44,320
iaSuvR6-DI6_UYVO4iHaSEGsPYDTgKp5joCDFMrwq9YIjQ,10,166
srbBvAe_MumbiIN8UMmwrslJM83bYJCsDMeCTTbodV-xs20,41,18592
9h2bQkSD0MfCW5t8Y2ZEYFvUShxcUvFOnWDJoVY-TeXB2kk,20,3752
VPOGTmgCFq858YP_Gbusq-8OuO_HENJjo8VyoNFsfkcF_0Y,96,3225
kL-hjVXzmKEUn_UWQigdIWBLRXjJByNF2my0u62GOaUO35k,20,1602
GHN52s132ljspB9IhRH55TcuWWWx4Lhq29c8muUMoPFnBV4,120,45734
sXqJzleOLZHsu08QblRSTolHVuCq2Ux2SNcpoOT7L1nT_Qw,136,602
ZUunFgCwvAslHSQTygLjaZ4vpbHdZwBBBGQJ-8p9w4xukOfG4SwCFk8n,136,0
V708wtllvgR1WH5eJU86xNU0SnzEgRWfDN3j-rOGVz8tZA,102,0
1CKGY5xOWIJ48pUm8LSXfFzCDIqkp2E_gvKol1WqnuHwaVI,201,15206
X-gbDJpXRalOBK5vaf72VdP29OR5_bXBsiCOQ7YvgPuVdUg,3,80
zj4EsoyzqTFaLPWfra7z_RAIBtvETy2PS7dHrmLrx2VQaA,236,26485
Tk2IwUrNOrLv-CHdUXoIQ1lzPrfgXr9W-9c6hvE01JkOcI8,427,29476
IZWwotz_o4fd1jcmwAHBOYNutk_mG2siLLzb-nFMuDZ33Q,23,24047
qGAKlk13sezIxatIV12Lt3rN8Ud0g-shUFY2no6oNDHeGA,7,1322
-vJmSvj5jW0AMAxDD2iIicIAUe0B2A9ByUO_DbZCkfXfbjY,75,9457
OSSh-f93r3kH_GW2A94BtU6mqkzVAga3Z6u6cDbc5BW38-o,54,2474
QAQ2SqpcM6RrsSuuLrkcd5-_IgZZltSfT-FIgNRZasHfmQ,41,7740
kRfTfs9DeZnqaIHkiAh4AZ-w66ACzldtEto8aR52fa1cOdJEJzRxvYpM,104,21982
mV5dUJKGgl6oYyMQ0UFnYs_Bm2oP7DyKAKiKllfuzcG_HQ,23,79259
k-U4XiBs2JCyvhR7y2lHeasxCUhUy0s22i0OEaGCyBm6rw,136,892
MhpDTUNnMrbKybAVOd7euO0Kax6-hpJ3gEvesrxQWFY0_g,30,0
gIg0VxOEZ4B4Sq5BbGM2vZ5lWEbkbMTvs-pQSYbnnxOtgw,268,7476
taWajt0IvcXpk3fTBOe9A9H7rJZmEXHx-0BQQQIuP6001Fc,60,1926
NUG8t1q-PeXqe8uSvGWXjhOowJsG1Xb1OaiGAmstdVIeXIc,104,16259
0yxuBjNH6puq8_3PFc-Id8MvRgXu6YmPgqvwJOdQ1MCXDA,81,27291
6G_N9skQ_lk661qNtz-Q26O3JbnEIVw-JnG_HtyS2ZvoSg,432,32950
kzmGACpHOn3Nh0q2uRbS76UoMYIrPmv4Vdi5MUmfVaCWf0g,38,12193
B8ETfjSm5HBk1etSt1JPrRUmOmrX9EFkz7baQuv6rgHsS6s,80,18916
Wmv-lOpavJhvj1GGWWQtK0l3kc5yxz-GGh_rp_MfbXXxLyT9n0TsvPtT,164,0
W3wIHszL_39n5viBO336mdkir5ssierN72udUK1brDbuKw,77,2388
ijIguMJISrnD3FcJoQa20r-ghIMyl1-a6e9dZmkatBRCD-Y,38,632
RXjeGZ5Dy3e9uhiM6OSrpp-oy6bVyfZIjegq9ftt0WT-uFpI6px4kHv-,45,0
8xlxGR-AaRp37DsDWH74QzCj43XNTBDF57r9hVtgk38FOA,44,193
VOM1izvfxY4aJaNlZN35aedYAhyChRNy91idTP7Sb0gS6Q,136,900
mmxIn1lFtZB7dKgXqp_7q1oHQfUqZz2pMJk-TfKNZNVIxAI,22,1215
yJJ45QwJjxcD2grQNbI9q1dVgPsz0XgXKzKTle5AnTCa5g,236,68404
N3NebdFDfsWncZDLuHNdCAHK8CaKSWjjU9IZYluN4tA6o10,84,1346
uiz27QGBngnKHicIBWD0BzO_ICXX5uhhG4LjMJMvbyduERM,36,0
ek4bg0Uvo31VKswAEXa23Yh-wUWN2qbKZhfJv8Ok9OJwZA,236,254663
TE8iAynAcKfGY2z4TWxkZu8CcIdq3zrfUZR72JpX26o-GNop2Grxe36x,81,36305
Uw0RGMo51FJY62w3IiUEX9_Gb2Ve-TuLr0OixuSsAiWsBTJLu_yZjh5b,76,2276
5gie0BPcjkJEg8eSTS4JsvbQk6YwAvHpIcdR-Aj9fQPoKA,236,105753
ovFIQ0ekJMgKeQnXINPS5bs_Go3Q9muqoGCllPJPILYLJvA,77,0
8WIJWEY5NK6AMz_XtGK9AJUiBvE6saWqzXuK9-JRqabGDh-mLiQjTqJ2,236,929
a1oXEC5oqh9DGLLT1eOhOJNKHFgNhGvVGmNXJ4c32DMEOTI,29,23348
EmgPLF_WgnrI3rpFcrLQaGQ-8iSywM0IYQknmfTROWMowA,18,22108
h6zPVDZ9PTZ1tyNykh8M5wJgfwttgE1chreQRrFic1Kiluo,30,1602
m5HswIIQLe-9sHTXrD_Ha1TXipQnvlqb2lnoGam30EkZoq2326whzVPQ,72,0
1T5rHl81hAif8PYikrms_l76-Yekv_at40LwJjsAsbQ2v98,141,2577
YGDQJy3BQUiP9ZpYxphSGDea1c3jaZ5W_-hRuj77h4opxQ,113,65963
k3zCXbmEUMr4D7pA64LqPdb3G18nIBZt9feyQhd_jhALAoU,126,0
cKIXTV2lQ6Es7aoRqBZG2MU9CWLYZZP0lfhJfgP6wbDpMg,80,19617
cY0ZNtGM0zKnMaSTbIO2anS4bXZWnoNE7Zv_9r7pTO56Kw,78,12196
wj3ZxY_NmFSAZ4ebunFiyc-f19FfUkDT-N7vx6aorSwhCSgeJbN8akxi,164,0
hq5Gx28KbgDPi1nZAdI0DpOu0Cl8X37ZF2obaidECl9rI3Q,40,3839
BmSnuJHgO_JbX_i2NblZpTZcC1CyTZXqmfxZJGPbDIPGNrHsxRl-qRA5,12,0
wU8sybzj2ZuiV1o1ahUyzjzLBJGQx3rKppyH3b7pjkdfk4A,69,0
8_B7ovJwXAF6bqoPAZ9mx5npR4mhR9fZ-pwr6NybQq2r1A,20,9497
uz9fZlP0cKDhwj4APMMzERwex610LGh8B30LoljNQMTXJQSK8ctxwiFx,7,19337
BtrfxMkocdbxoty7JdUR85r0bs5RwZWLrU6jIZdXBM3NINY,77,1189
siPasUHP1oCVZHbYLYc4GVGujQxsplkrUuKU1IaUm9urPg,201,5015
kdx-qfc6OzV3jMMa4IAotYpGnwg4uw2FtELaC3co-1oDIw,76,4909
t2aXhYux1LUz_mdVhStnGk_psNu9r5_hddulQOO2FKZN2H8,2,4006
QjfoHsUz4d744tSbxGjAnNlmPwbZGiPVcKsVvERtZ942pLQ,76,15007
kZ1muBjgGxnRJqiT9ZGtXE8jHJ63j1yo7xjP89Bx7lDlnbM,76,47793
I3IOdA_BJnyqnyiVqhfKN5152cIVIPUcNVAZvhaYNUdO2EI,44,544
Y_eGSaht7eLgz7MFEYjgPe1UEymli8SXGBsXsL3uY_50bw,421,9384
R9gySBGrlLrDqagJT0_jNRmd0srrUWSBoTmCi72akJrplQ,223,0
2OTVL4b35Oa_uvk4pVSsUFHFHQypJGH6vmz36AN0guCa4Yw,163,1033
zfc3dg9BgSSjuId4NteHbg27quJpToxOhwlvjoHLieVy-Q,16,206
78FGJjHAgDwKRD0m__HED0jBV4oXSQJKtbVbfS06B2Z4SA,223,16140
9GXUa3TtF7cKhSo0UTmiZ78BFl1ax8gijeLB89mk_uKfXg,14,9130
jj5ArKKc_Bjjm3GENM04k0iNRqx9dtPgDr2VR0iO_fUGW416fLHt9KAx,38,0
DBw3i3d1RXWZ-1xUnYwulIpeDOKSJ_Ii2-E8bLbzLq4DWls,39,40487
QAx8Y33a9P0u-HgViZq1tXDaQ87aCwUT3EgKAvnvCoTJMA,38,153182
IJLJOSbs7hkEjVGBr8EFf5hpHBuJW4737fGq6oFFw-Lp51g,39,63074
aNDj-YZhBE19gB0lO5mCOV9k4DHilLncBeEdbS2GnM-8qvY,31,0
YGDQJy3BQUiP9ZpYxphSGDea1c3jaZ5W_-hRuj77h4opxQ,3,6059
rOCKxxTdeGEl4fmvd3o9vvrSvKGl2c6_BO1eqyd9D1sxy8o,236,419
upNBwibVlmzzrUhGNeWSCXN3AC5SAe0RwVUX1k_0UDXA1w,516,0
iLkyWXaNrXKoQzLtsR978U-Kahi160cPf6rMgWxXeZEhAYXp9yqDB8RE,201,0
XqluSEhneZRnTTvUNCYn8Mf_6uwWXpZy2t3IIkB6sx7J9w,113,4259
8xlxGR-AaRp37DsDWH74QzCj43XNTBDF57r9hVtgk38FOA,240,3788
u8GnhESjsZdBFwNRXJSnlI3RyLu3j3AQKve8YfTiP9dLxw,516,0
eHd9dZP5GeT4p_880PV2ZLAzP1zAs6kRU6KrBwaYcmQAMYc,57,7681
dokddHPbUClRE6Gxkbm0SN3535oR1FNtNHVS2C-Xhp3_NZQ,20,4276
AOqt79dzR9SOIatPPi7PpjeJR9prL_KfPvJ8-i37P4HpKA,26,7432
p2ZaCw_Ie24Zh6CR1M56YjCmyqspxFOcQcBV4u8MNMVbtg,20,163
oLTqY5J_nBbVtLPkF32FzR_P_G6p3FCEQh7Ud5wedceqtq0,223,7962
SrzvOs5Y0EvwQN_e50Pp_FGosC_o2iWW4-NMmRRMrwWURQ,7,1860
Lwz5qw91hive12_Fxpd0eqVgG-xWAKJkJudhWVZM32my4fM,516,5455
gmmokuDCxykV4jG9Eh3UP-XNPYjSkZ9-kDSXslY8KdhcdS5jY0BkKQL2,223,0
jMOBX0sPHAXbta1owK9zO2sxrQo0aCmqdyYrimiGFG1MwA,421,5235
xji28dbguZQBMA3kBKbDNrro9nsRrjdquYeBzVyW_URx1g,63,1097
qNVidQUV6qTr_vPs4JLbbWNlLdEKohB94JqeST41unLkKg,432,0
5MOO8obEeZu3RYeSsp3rLFFzuQynLagHfu-ln0XdhdD0alk,113,3045
wee1cMpLWiINI55Ks522kak4Dk9Z3Lmew-IHTvZ8PQcxJt0,28,7500
5EO-Ix2ebzLGRWlYSWo-ZremqIbX-EfdkzuW1JdhxWr9Q8M,84,2748
Tj1GS_GdGb74pyWJSH7I_qXtR75gG3l0UaA3gQ3dFWDRg_7TDzrT271x,141,0
1O5z6Hv_6h6uNm-rSHroXcR3Cy0aJbF4vilAQksWjBvYXQ,113,0
6oCD2Z3qWe5Lf4tHxzbi2SOySnHXzNK36JvL_myrMDCWDeI,84,0
iDYY6Qvxft3yAWV_jhMkhFoaM1utLpCILKu5-4VwW8zdMQ,80,0
gAtYI9FYw1WosU9uCsmcjsbxbCpnIjnGTSvMsOKVVUSg5ls,96,0
B8ETfjSm5HBk1etSt1JPrRUmOmrX9EFkz7baQuv6rgHsS6s,136,0
zrWgQQTl34u0P_Lw4aIRwqwbXmE6-l4HDlTFNB7XLsY7krc,516,0
8bVP9u3b9xEcsHkMoacfO99ZddDRlSIFgJpa24oXTSnDLo3RZWgIjX6o,39,11258
yL7ytSuv-txcccsVOGBqazWPcUawOw81Bsn7qXzPlL4H3xw,20,976
Cgnadlj0jv_WNnpieZRZw3AYx8xx4QpoQNEmpHlZwhg5kw,7,71554
GM9JJuxWThOt87O-q5xwaiQlHgy0TGvI2fZM8NwQxlah1nKYQzwBD_xa,136,0
Vc1c1fOVHotDdn9_9omASiP85AcCiW65ScQY51H92Erpkw,7,16503
ibqJ-eMP1fabsay6TM0zl2QUTDUdqLdTEtUIA4I_CG4d2us,22,1404
k4QZ82xFRboVuMreB-Yst--_0fosaqVwKTZgWgMSz1qyR24,236,93411
OAZh9It8Ol3WPisfDqo7mv6HGwJGX_q1uifyZRA289IU5w,69,0
aAlKSkNPvCIlMSK38HVNCued7LScrenyg-HKtDOly1GFyg,38,0
lNVAz7khMfZQ7lVKNXLN3Qn3RjGfW5lOBcE5np_JdCrYmg8,102,16828
-zh5P6dwlDZ2LmE4NAktdhbk-RDV9o22RCb7E7NxYGY8dw,63,66812
E4PYFYMFXAcrJpXYVw2Jxb33KC2DXU17nlWprdaEWeLfwYPAhu6qUUih,121,855
vZmrz5F5rSnseYTkvod-RqM-asJVC3KPN7bNBLz2de11Z1I,26,22620
so9yzLNA7WqBJK1JyaFaLHXsTDhO8Ae30SCZuMcnL0crU6E,39,38421
5qX02l5fc0MjVSTGceNE7IOXs1S4y_2c6eDtxzSV0kecJJA,40,25825
FzKo1J6T9wNA5kfU6BDxTOksncS78QIQWcAuMKTP3WNynms,432,717
6qn9sszw4FsDMFdJwywb1_oBdwShFSbmlwfN7xIWle3kmg,78,26564
Ll9zPKP8yu4zmdIm6PEoYangmyrqHBBpwM47yA9o31Ggsw,10,3208
jU2-f8mpAifiOFPJwk0dMj5NYR8MQrlYHvqXi_8iSe85Hw,45,6256
Yqk93WyQPejdcSZdhGoKrMAkXv__AgOj6x69vt3WM4PrxucBT81jVu0M,20,0
2W0GY8Nd620hS3gdpZO8X11uqCJ1Wd7-Q6XMwkpIoSQQrQ,102,4488
oOQyU702_XuOMR1odiQBJ2To50uOiHAewp8OSh3pkJL3uA,35,9225
w1QzDI3VXsePh3hYbB3jXn-gW4ddxIQqav1I1OO77FOniQ,20,13684
K-lR9ekCLclRoxEJYtrOaBOfFqQGqeDIQi31ulJF7Y_NlA,3,4855
GQS7YOKjHGXoplWyg3tBiY2J_yCFYQiDhZQuZrBM98GqEw,78,3457
orw0lFsOvc1E4H9_r3rtFg6mQh4vZv9ZYE04ccACYMYrd2E,29,2683
06yrzqL6sVBaDvaKl_lvPV1KtpuGRYQbswxyUVtI614SkQ,62,19249
9g6_ZyI6ybgc3UBSSW088Gd4EhyP8uJihM_r65_CYlDk2Q,20,0
ph913lFmxlwsBw--2r8iZtGO8tv9GCXxebg8t_ZNFchZziY,236,13263
hzLy3SCH9bSMh5Zb9daMx4B7Db-4Go4QBHZ0QCxtd_ET5kY,103,306
VPOGTmgCFq858YP_Gbusq-8OuO_HENJjo8VyoNFsfkcF_0Y,133,13300
5p-vH4nBfQFItC5LtD7snu51lWljTuLta-nu7XzUP27jew,432,0
Pe33fa1S9dWqqIOOQZB0RGefRxsK-2p3WqsDg_ExdT9VaWM,33,0
fFEOs0qR6kYKD0RZpO7mdNjt2JumnuIY8KFIXcIgMvqboA,28,645
J9rnwlsrKn1_I5xODJLN0C5xOBPpoBgoceN9BVRxjcJQJcs,133,2416
ySD8q14D2QcLgfcFJFNVGQivYFbRdVlQuu-wEK1RBkB1zec,421,133758
o9ANjRYNooX8SPXXPQ3UxP5NVdsUQp4mgOOenlbD1JYX3l8,432,2267
e8jFch-yWU_lqrwUMi1TdeO_OGNNdneCHmqaGoWJTd3kYQ,432,26904
BOJnba6U4Uw-X0qu7KgrvqxHNnOvG6yeOexo5dEfigbSEw,420,0
Eq1weiB9Usm8OGHnz9QhlssbpM9cEaMbKW4IvfKxuLxLcA,56,34104
pc5dT8SsavmRPfQ8ghRoJ12qqhrjilYqb27zWkrB8edMhA,80,135357
cZ_9k1JEpRJ9fUh-Lq0oDDwVTFXn-Iu21dhke7J9w9uSgI8,161,12036
Xw97gjY8klascuvZDtDeRK6gq0j8kAdlWTSXxQtv1A,44,0
CMbKd6pni86R_qdc-lOzfmFCmsn4-14HMs4I2vjJw4lhpBI,32,513
DcIVBFiOG4fUu-UAYKShRYihlUW7IjJiFwFRdtY_h4vYrQ,421,107
lzKlC2AabH9XLLCFuWL8rkOaSFIDkFKtaslwhLkNdS_qug,223,5814
pzoxHxHyQOkEaH-toR63uuzi8C2vwuqO4VoDh3i_1fAe9g,421,102
yVCNcDV6qfxK9mMIYaphckMwSpsDXliweCygm4B1VnJZr5Q,90,0
hXeh4Qg19pguZfB8kW9G7Ni-2v0VPefDMuf3eAi_Z-6Q2Q,56,11788
9xUFD-7Rvgn4j27CPNIAdPruP8NRb4cmmWpRZGfPjgZGUg,131,6356
m6ZJ2QATYnnDoK2kuBy7PI9Sr5TSADe3bG4md6OE53JOQto,7,1260
WNKJJwOD4tuxnZXXPC-wB7nn9FyuMf2_qRust6R6h2zugQ,10,17641
0_NCTxt7m69Qyk__ant-F7cVYt0dI70SHSpw5NXmooKHht0,2,9772
9UsO8CrgAQGZ_0BgotJOxOlbgLdnWT58d6fnlG_qwp5qMg,54,25334
RkjTUP42O0Zv8vw2LqWnVQhHAIoczOsw0XtzSWHQOo7pDwY,15,1205
wFXoE_1D5fRP_6FvO3uN5AinYHq9hQd5Spi_4lX6mbMDUQ,81,63445
yATktfHhE5NRntN3EO5pgreicvvLj736bDvSneHIR2VXi9XyG3JLWTLE,32,0
wuh8QLzYhjw-OBFp_9n3SzdGwBwp1EJx9crlSNaEfl_vlA,96,871
akLaLtKlNncRSlRe4dlMSXt_vgCVCCNsF8M1GvQ2D8UQnKQ,120,87591
RKLr1DOfsiyl2CoTjG1GgUzhul2TiZ0tnLm8whXQMNa5Hlc,40,7900
fmRqqkjDc3cZs23S0iQnkEQkwqdaMAGtUqpDKEdhv6zRBcQ,44,0
mNn68X_yJ3nMUTG7zVQpOe_K4HXbmmznuL_YsrIRST3YEA,133,86273
RXjeGZ5Dy3e9uhiM6OSrpp-oy6bVyfZIjegq9ftt0WT-uFpI6px4kHv-,201,0
fQPMDiajdy91vvz8m7lzISflE0qd-nmGm581bMMCzzFudQw,45,13747
nP_w-oehjziJgiL1_N1D3iSad9wMUaKj5OzxYGr9cMNW1-7fiwwYFsE5,85,0
ridZOLjlasVgVvYFDsQKlXKjuIsuptHuQWt_vJxolWm0wwg,240,3076
53WvNn2PRQs2nucuP7U5l-PoGh1F8T5ZeTKaVCM29ld5CA,12,151
hxT1vW1h-0-3ZNSy9A7tjpioqU0DprXyUbtF7orUW8f3pA,75,2160
78FGJjHAgDwKRD0m__HED0jBV4oXSQJKtbVbfS06B2Z4SA,3,30069
avHHHK9OfTJjK1RD9qbsq_RbYXMXyehnO5BhnEAKLGyWO1lji6ihW250,201,2789
zzgt48gJeQ02YgGeyQjFT2lN-9f2FZxAtr8uupLz34-_Gl8,80,9320
GQS7YOKjHGXoplWyg3tBiY2J_yCFYQiDhZQuZrBM98GqEw,26,4403
t46JzHDP9UeE28Rcy6jYhG51WNVvt-4sUcbpl2oF8Alt6nRkc9yN4sfp,113,3142
pGROp02BZrMvAg7iOs5GalbtBS6vz9I3ZTUVAzZzrhIldg,20,6297
9dJFILPcZK-sYUZdkcwT5J5UryEb2boaYVIEtbDSlAvX9mw,84,0
Bo-CZlXK0MHve_VSD9fX_zbjv5Rlb1xUIssV2ppkc0QJ4w,36,6580
a0kRF8-AndHJ0jJpV4EPwOy3iGVJCl0x8tJq13ZynouQuHE,64,118353
1CKGY5xOWIJ48pUm8LSXfFzCDIqkp2E_gvKol1WqnuHwaVI,64,113957
NqDo5O6bAUDFuV7qhKHciMdmfyI0ncp_AmPBzDeW_E2mfw,432,39230
HMmKbVrZm7TLuLisxUlktenKqpED-oIGHS63YarPcy2p5A,27,0
AYyvld0muT81Tl-KjFX5uOHAS9tkYzNuPu7i0Fer13yvjw,29,2415
l-_YVLhWDeRPy0Xm3ZVJU4rEazFUlSKwwbYh3FGXEDqfPnU,516,10110
NAnd3qE_C8a6TniJ8SPJFP6LSIvuoia8Grn5VJ3MopftcY0,84,99
gDs4uviSD9uoDayGOpztAJmWcJF4Xe5UscbkrmF4_3tyxg,14,0
pjfBJVMK-z5YkOg5pLUHAtf_nF2t1AzhPclUPJtgKLzdmA,498,40466
YgG_WYJBBkDxAs499lng08lFD3o-9IOz1zli4wqdj5NzsQ,36,3779
NQL3QM3_Spk8YGLmC_LkCo4WBQ_uLh64Gmj_bWQc0Zf4lA,20,135
bjDsYYC1TwcjnaCK3GdLx-3vhuW_VjTJCs8zTwOEeKJcBPk,39,61532
ZBbQoPsw1Nn35Nh9HM4O2l_HQw0oLVYcz9kgMoJ93ApIgX0,240,25627
5EO-Ix2ebzLGRWlYSWo-ZremqIbX-EfdkzuW1JdhxWr9Q8M,12,12246
SRkBavQJeMWZ91knflPfJE2tmAtD-umW2ML6M4EJFQW_VQ,236,9444
pdIyzTKajCjMZ4hg2naa-tuIWPS_DtIZBFXmv7jf1W_-xw,7,4427
6oCD2Z3qWe5Lf4tHxzbi2SOySnHXzNK36JvL_myrMDCWDeI,103,0
vrA51nzpCz4mCNynqBJMPSoBCoMJVvqcuem3nYaH_0Ky0J8TFY-gJdnm,127,0
8xlxGR-AaRp37DsDWH74QzCj43XNTBDF57r9hVtgk38FOA,72,0
dY0eUl2mJWAMnh5PSAJDqz6hHShzwuvJG-2sTEG4GQbFWUI,85,173
ppREXKGbGNrAVyhiJUuXnNBYWxrok99HRMvkCCmOa5A,36,0
0kgzAmnz11gZ_aA-0EVLiE2MUbd0KcEjEd-TAxA3xOB5v5g,40,27647
eP7oh7pwHAv3WTexYoS_IFO00YQBdL_XWCDfhghR9kmJPg,497,0
pQhjdWGlb4HUabXdBLYijbbuPz8253ZBHy4dEIiF1-TyN7A,240,0
zzgt48gJeQ02YgGeyQjFT2lN-9f2FZxAtr8uupLz34-_Gl8,1,62696
4zq8GuSEHX2m8mOemUKsYyzSYHejdNObc1NGihXfqiKuYfU,104,16052
k1WCwKMBRM9xIc-BUyoaSzrHmjufAC9BnF1vwGOAyYhzbrMFyOzL2kmh,10,0
9u1VC23IaV27TutQo-MnVIX8ihj4ULylHQTjqMY_wtjfoAg,89,38202
CpELxsq8upFBY3Oo15WmtaC2M7aB6Usc3k3o6aNXa5iWcZQ,24,31391
GM9JJuxWThOt87O-q5xwaiQlHgy0TGvI2fZM8NwQxlah1nKYQzwBD_xa,23,0
I4ZkFqmYe3iBVPEXUAkPyyVQsNP64tRjaQtvXOBFDFFxZP4,10,7084
o8ACHh4N_c1oLFThWnFZyu3I2GkxrlqwaqgqU2AqPDKXaKY,163,5855
kWpNhOUR839-001nkCQW2kXX7QHY0ZJnRbGsLAuejDg,163,809
cKIXTV2lQ6Es7aoRqBZG2MU9CWLYZZP0lfhJfgP6wbDpMg,10,5321
bA7RyzdwJrDQoO6VJqA65NYm6hx7IDXYk3d51JyhaEHLv_-Bx1tUX4v_,268,0
eHd9dZP5GeT4p_880PV2ZLAzP1zAs6kRU6KrBwaYcmQAMYc,142,28776
oOn2wtLV7GD0a-d3nOhXT623lW-amFX2HzUz-0RPWTI1yw,7,2762
DA1c-CfSk0Xwo0l1qV5DoE9804L9q1E6ysRJNUGCYFY8wQ,7,24173
P4NLOpL5D4g9fga4sOFTHO47kdwO4hYDef_gVh1ELzKr703tTD-Zqad5,20,2818
mBP8YucZQDNzuMHPaZCSoGt99dCOyoHlvUTA0BrAcF-5HNct9v6VCgfA,201,0
s1i2FUDv-8JO9YpRk3EJnEpCohtdbYp1T4mEaOftKMGUURs,56,9982
hoX1AL0wYB_rIufKbKGMJM8dgR9C_JXV1u6kYFdqII_6_g,516,0
BR3Ck-6p63q5KPfkJxd9nl3vNOzFkv8F5EihZzTSmZoxiL68nKdq63Vw,7,0
FCKCUdSZ9OpZV_h3VPoCuS6_WTqWqRyTICyNEKGStvUvl2A,4,7286
ZSJ_9hbrwDHs1qmnSwSMNlPFQOVdDboxAcyno8GjOF4lZw,119,3405
UeVwlvDZq88zXqi7Io5hmilWwS-jtKo1BnGEwXpBBr-elg,29,0
VXmEhCiDQ0monYwqswxinNIIDaGCADDu4zRzwjhpJQaFplg,56,3468
zj4EsoyzqTFaLPWfra7z_RAIBtvETy2PS7dHrmLrx2VQaA,29,13662
Wmv-lOpavJhvj1GGWWQtK0l3kc5yxz-GGh_rp_MfbXXxLyT9n0TsvPtT,202,219
SIZjZJ3UXbQ7SUBoHZx1qLspXv8NIbWGb25HGR4qAjiLwBQ,44,4364
8OtEQ0FzmI5JRR8-ZBmEg9aB2UiZAjBgKDFMin4Xo97YyQ,516,0
a52VLKMtWhwlPIn38nFC69jAssI986UwPHYrtvPjoBuLj78,28,0
HCQGcz8tOFKU9XKCr44FDQkGh0TcPAuzxQi5qXl__jSYEjs,84,0
PcIIKyOLYrle9ez6StMK83hybSbXO_6WNCSQqxGVO_leLtg,75,592
HMiBLiWyArX9u8DkejLLWkxxtowT5B1Z1Qjk4miumOPfPvS9g-uWXF9k,53,0
avHHHK9OfTJjK1RD9qbsq_RbYXMXyehnO5BhnEAKLGyWO1lji6ihW250,22,6482
BiqlY_Qgwit3ZHrOC0ef8Vr9oIdxr69k5R6XbAmGXitwXA,432,37431
6iHw3SOrG5Phnx7tVOxuQptiwDqWgV5Iv_P5Vy_dNNuebQ,267,0
QjfoHsUz4d744tSbxGjAnNlmPwbZGiPVcKsVvERtZ942pLQ,236,14866
NtW_gGlfDp4LidvxYxz7tHdXHiqA5SgtDxrC2dIzmQnTOw,15,9200
K31bvask5rbp6nd9O2tWPP37wfNw1Bgpw9n1u62YLAv2LA,25,159
9g6_ZyI6ybgc3UBSSW088Gd4EhyP8uJihM_r65_CYlDk2Q,56,0
8jZtb5U9KWE8O622fHpf9FdRxLTzmeDy35mqc0aqbeGuK0Y,28,0
sJUw_IWL3sFd6EP5fMNxBLR3WGc_ZM4cBYwCPpI9QKIsChg,15,11387
rnxx3jLU0SUEWMNXcmf-SzvfyL-V90ckx3p04KIrwRT1KuVSJD3AZP1U,121,47632
7tIs42vJq4FdF6F6w9M-s5DRKcJitAosjSWyN_pPkuLn4a8FNHuZGvMP,10,0
JMuKKCcIBD9-7W2vmUIPsvsRk7ZxyR5a49qJuA5V9whgbg,36,1196
3L9DPasBU5Mc5q_VLRP4DtQCvOunsAn4rNiwfWHw2Z2jl2Y,36,1115
X-gbDJpXRalOBK5vaf72VdP29OR5_bXBsiCOQ7YvgPuVdUg,163,827
Mm2WovXeqc6ruZt0XOgzZYPmvmOcbs7uzvOKwK4uzfHVDc8,10,0
iyt57tVtOfOU-OpnwlddXyyFgiuO_NkANJxLxf81AlvFdQ,51,35693
l-_YVLhWDeRPy0Xm3ZVJU4rEazFUlSKwwbYh3FGXEDqfPnU,44,1341
1cfpGpFcZjOfhwaKuPB_vXEoCNfV-KMu3SLjJrkVMdT08bUEFK2ZSYZS,28,0
VifbwNqPkQvC0JIndVT1ODXeDdqAMrVko3ufKqjUKN3nwA,84,2829
ppREXKGbGNrAVyhiJUuXnNBYWxrok99HRMvkCCmOa5A,38,6121
mlIvv2s1TCXouw7PD6eXGdn9_mK7dFijSJI8pwvODEgMWw,35,0
ibqJ-eMP1fabsay6TM0zl2QUTDUdqLdTEtUIA4I_CG4d2us,202,0
VkopDol2ponllZTCvIJWtouLD1IJf974scanrpeow5_WieY,37,20520
uP7nuOZEuU4S_rNFCnsKqWTQ0S4T7v3chwpFdJxB6B5EwA,136,0
_BAlGoStrYnZ8ydUnQJOAsdwShEqdqnh9HJ9x4f3XtXPUg,518,1463
LNqBJzyCo_ZaH42YbIErmwu-SmmU5jv3iVphFrOffDHtAuo,16,1509
MaOHztMhyQjZW2QOKWaqCj3P6StXS2Z_9HSKQ0PyjwcLvlCdfv3PSqMM,136,0
JyQBsYM_qOE8h_ZPoQaxqkukOOWKDXQklf2CEUniejg9Qw,96,0
gW791ydGythRj1QYEXPeeE66sDBn-rRWi_iKJwyVH-OD3g,122,5733
fYH5Gll8pb59LgzxZzbIWxyyYMTdTIROQg_vXHh-HxbSzM0,101,17510
oYylMnswOY8jspLVcwqNxDv1x2Taior6-hvbdYWghJ2RQrM,20,0
J9_M8nK4aq3pcYJjSVwqHnrodegMg5dDuDTU--IoZZOsX3Xep6_owdnB,4,1002
JMuKKCcIBD9-7W2vmUIPsvsRk7ZxyR5a49qJuA5V9whgbg,30,4596
SXzlng5qOXrSwqYnxBIjSaS04Awg2XK0Vt9Zz8Wf2-uKIQ,136,6598
UiVrA1L7_ehc596CSrpLW_lRffGZEwYTuHEVJPq4A2gI8CM,114,13544
_gwHqZftBLMHHrj0XxNdl1WfQu59gv3U5mCkv9qSyI2Zjw,7,35551
3W4WXT4_PStPZCEygN64DmyniWJMWLYurDIY2F0dOIBHLbk,77,22847
m1eaegEnb_X5-JLoNcfPoytJm9p_q35A15CWjV146WCjrA,223,26748
uIANprv7EZGhcqvkoEec-ScRaihn6kmUWw7sB9ghoNTtaiA,72,11084
7aC7LxsQZpQRsgCIeXK7zNORfJtVD_sTIfuoSY78-jlLbw,497,0
QAx8Y33a9P0u-HgViZq1tXDaQ87aCwUT3EgKAvnvCoTJMA,115,5421
nY1ABcrs6iKYn4wiFY6SeLYmSzgfC77e8n8iR3mGGV9iIBbpJOg9FRr3,14,408
lBmxs3aeLd4UTibH2tc1KY6RtdwNtKbuiRz0_UjLy6wAow,56,5310
E-BS1tIIjMJKHmgRsZttzF9vqXF3tZl-mvTY3U_hC7eAR0R3_4RxkGRc,38,0
zfLRLYc8QgECJblsMrA6jwl43KZNQMFYjWHytwk47GJSrC6U1Wj162bG,518,0
ke64k89iam_9Afc9Dt2-lEIMdphUSiWd6VCKQ-rUBXDyg2w,35,6533
DZjGIPuz3vnHIvJXU3PNzvqE9Mjdh-_FhF6Z6WMzT015Wg,164,0
WNKJJwOD4tuxnZXXPC-wB7nn9FyuMf2_qRust6R6h2zugQ,223,377915
2uxDjiF7YTKSTyDuCa1tjjj0g72n0AIwIjVyL2aPSWwCk3uqMwFf7TW3,29,0
WQjIysQO6wZWYlqfSV9a7hnvYqMGp1JNEzThmhMKBVdUzA,142,977
4Zb4DClef3EWLrKeiFS7Zn4jNFvS2t4BslPeAGTTbblKqQ,10,23067
P9vsYRq6MZCL3sNLXPYxE0S0e2q45Vv-8M6iRDcvHA2kLg,20,2409
VvEE4iNbrO6H5124XvZZfqBeIe-hob7kaKzXYMTzy6o6zSc,56,5065
P7X55ri81B6gbaCLp6inZDjXaaBARCNCCXtj5FgqjIaElQ,104,1456
mwAWudlat69XhtWxAORgrxI3Z53ydHJoX_QvIVZ994QtBMU,20,3435
sGi4rVYEJirbFq4Zz00K9oNkJ6oREP21bCfOKZZIMu6SvTw,7,9882
h8S_i1WMEX_NoztBXZ3J4xc0aU-LrqcJKVB4_7AgWl81QEo,84,3804
OlIgafRO13kn0yscfEvSc7jx0azubT8u9uiECL4siWTbkA,223,112
LeHEADez5j_EAhlTHOM4uuh2YAffWNL0lTsOXLa6ho-oNA,38,12272
zfLRLYc8QgECJblsMrA6jwl43KZNQMFYjWHytwk47GJSrC6U1Wj162bG,2,0
DojPv1ZyNm-KkMquSLhcMlVenzb9ed9FLE9xEqzDR05UMQs,72,0
ijIguMJISrnD3FcJoQa20r-ghIMyl1-a6e9dZmkatBRCD-Y,69,146
hq5Gx28KbgDPi1nZAdI0DpOu0Cl8X37ZF2obaidECl9rI3Q,516,2430
IA41Yn0Od-qXexWKny0NmO6k8_xL3N7RsK470ohmZzGvjU8,10,0
G2Z9561vA2QEcUfpNe9C4HVMAf71mGAElFevYnd8ZINEkLQ,421,123
hXeh4Qg19pguZfB8kW9G7Ni-2v0VPefDMuf3eAi_Z-6Q2Q,39,109846
Yqd9WKdldjNipNXbPRynC-72qJiVeKApNCHlfoU6Z3QVBg,14,4362
5emOjV11JcGpYJ6mSL08zcyZtbV8i71MBBEn4CaNqsyWuEo,78,79256
-6uvt0gmF6geJ4OD1cW9ri9NYVE9bQCTvwFuzZIcdO3n6W8,78,16325
BR3Ck-6p63q5KPfkJxd9nl3vNOzFkv8F5EihZzTSmZoxiL68nKdq63Vw,75,0
iOp_q890_OniAKJkh4BcGwcptvbUykcyQTtWjIw3SLgQhg,84,0
4BbQzdoftt8rB4iDsLCMAhbIk2a8OYzsfBe_TYsDEE2k5Do,15,1256
kZ1muBjgGxnRJqiT9ZGtXE8jHJ63j1yo7xjP89Bx7lDlnbM,22,63555
rtvkJN4cY1gbNRt0YPxMS3sjlxhvLam0QuZBdg7kF0iuiw,36,5514
wU8sybzj2ZuiV1o1ahUyzjzLBJGQx3rKppyH3b7pjkdfk4A,81,32303
K--uImhQaO_U_6e-nsXac0pzaVMV51B86ekscO_8uZJ9r-k,77,0
hZYvXfBPsWdrjigNen54ZXW6VKwlC2ZevuRjoe_S22z67A,22,5826
oZP8ctkYto3Cp4zV-DrDKddppxZn5dM6pblCGcQovCi34g,29,263
QAx8Y33a9P0u-HgViZq1tXDaQ87aCwUT3EgKAvnvCoTJMA,236,14644
HuhHVY1J5BuZprTjhAE-KWYh21bKiBSq942Twp0aP8rH-A,432,69434
Kgi6iUqC1HsMNUukwHVcUQe6ulI1xhPdFre2Ycx1QtB13A,78,2877
bOy97CA3-c1QpVfrLsm8cNm89_bgeOGv0RrxGyg2MV1h_Qw,10,5481
lErfZ7xkpr2-bvXdOODIoaPZCcAdnQjIhE4rPcQ2IglUdy4,432,49012
lE7LCzApDIzHoNyaWSSylsMLZATWhNt6jM3TUZIlFh8W19Q,38,162
nkc1KSGdAfln3wPlDHGQ_9LFMeAgl_CkjCwVcn1IimPoftQ,7,56341
GM9JJuxWThOt87O-q5xwaiQlHgy0TGvI2fZM8NwQxlah1nKYQzwBD_xa,42,12717
ALZO8knW2hRr2oLmbfVYj4Zsm13WkuIB08C8sl6xSvN-XyU,20,404
RS86S5GvLLLRBZ3aqT0afBzrsec4e6mI6V631Q6hIuVlqAo,56,2017
gpj6V6Cqo4cfV59cUTG9pvAM9dpE21HtETIhdUU3mBwf0rw,54,57877
5ctpwU1ZIH-AD20D3b1daP8fLFSn3_Fr7wnjKbsJcZDzXg,136,0
yfhfUEdx8SakuPbHgaR46d6xsEvNANYCa8ofK-7MOwoe-YE,28,0
a0kRF8-AndHJ0jJpV4EPwOy3iGVJCl0x8tJq13ZynouQuHE,56,4254
aWDggmmRi6Dykl-BNLc_q1V7uCW8ByzeDJIa9MOdBzY3tw,90,37691
_II9NksKAoburh_5KHOzYB4Snqvm9HlvJC8_raiQZg67oX4,56,20645
Ie3QGRg5v6odh6VFumykMY-8K-EtVbG-M-Pg7PRBx1FsU9M,29,24973
2xWRDjYNXWeUdB98i8rWzc2vt9kmDHz4yYVDF8GWmQAvWQ,22,0
SJ200xzo9ZQ84BiDjFfSPT11_oUUXMdOo7VQGCKvAPgCsMI,29,27604
hxT1vW1h-0-3ZNSy9A7tjpioqU0DprXyUbtF7orUW8f3pA,115,25316
FzKo1J6T9wNA5kfU6BDxTOksncS78QIQWcAuMKTP3WNynms,44,0
AADKNuua_8tnKKYUZ0FiFSDsUYSIOHLdf5It-Sz9vOoA4Q,64,70244
ep7LF-lQDOYmyJrjxcbPEZp9X85ydBTsD9lw6rA5sdLThpc,42,0
zstWoAHUf7qyTsist9UhzYlYM1Un4hmsThmaliEwNUifSt4,7,45933
Z7mzkP3VCnfhFuXb0S7Oa73XSdoL0hhSmpQPbHGKq3zcig,22,5620
gL2JNHx7cq9-EPVZcnra6fpw1YoYpRWkHt1auI7IGMJ3kg,20,7004
3-HAAL3fMThWE5Zx_eH6GaRDornOHNhK9J-KReNqBK-gew,35,4999
BmSnuJHgO_JbX_i2NblZpTZcC1CyTZXqmfxZJGPbDIPGNrHsxRl-qRA5,121,0
py2I2jDuNuYEVePtH2s7BElBJMAXQPOmCJgzKWmpnGfvJbEaLrdSlExo,7,0
yIxqyEeXG_W1smJOiDTWAxS7mfPqCaxzmVIVVQ4SaF40bw,56,4359
3bjn3zXk93Z9Rt1iDKRw2ayUcBJ-1Ln6osrmzkWZgNN1qRA9hK4LQW6k,23,0
3gHz2cnwX24i98v22Ix4Tfssa_ykFsdvaJb382NrC6RZrgg,36,1646
kXGY_TUcoYdMt-3jzEM3sSZXQHncHdq0BGnVxP7c8-Xq3PQ,240,388
6qn9sszw4FsDMFdJwywb1_oBdwShFSbmlwfN7xIWle3kmg,163,1984
5NU4vGdjplQKChRJBODpux2x03Qhyyt1O9dKhSC0OegdgA,79,0
qVWPWZmFaicQCabSAANO4--mYmgiuIlF1tiJ7EJK9CQvUQ,136,900
UbpPa2QtWNZCgIQ6GK_48b_6Mn11g0XPqoVLu8FzKFlvD6Q,7,0
I2n2aKP8kdLIBO0treg5idNPp_8ThntT4SUQV9G9VrfYlw,7,24061
gKtrDW4sIPhk6AWyrrBfrHEOo9KbICOOteZYvIHOkCZyQxncNpofGk7r,421,0
DA7-ZCOVuHzjh9BB_v3mILeberbI7SoYaWAUSyja4XY,90,9059
AOqt79dzR9SOIatPPi7PpjeJR9prL_KfPvJ8-i37P4HpKA,432,29263
eoZ51KSTI6_DV4FsLDZJI4pXti4B4wXaLqRkLWyX8XymSic,101,48362
-PLJuOjKPvk_yaAoln4Q4MLaANOodxw-HbDf9T-ZfU2dhg,114,3244
ZDOSPsidx4RNl0R2KocDdN7IjKYFPRkwuLZbKINu-EZFxgw,32,0
zy0pv5u1UTKo_ghBsDZPVVQj_9mkhGKtfBrv_1iqluij2w,38,5975
HYcyLCS5tDMt2IKCK8rYX2mTStmLTkaOE_cTAwolqdgh_Q,38,160
iatnN6ycpbxOW3rtoZkY8hNm7pJtR7clsO6W3TYHmNUEZZc,32,0
5MOO8obEeZu3RYeSsp3rLFFzuQynLagHfu-ln0XdhdD0alk,41,59967
UZM2lNyUQ98_xwuMMyg_y3mf-QBOxChxTvf0NBFpdyxzNw,72,0
fvqlHcQDU4FCTthmptjrX8Z0iL3784zarEzv-a0RQt9qdWo,267,1874
G2Z9561vA2QEcUfpNe9C4HVMAf71mGAElFevYnd8ZINEkLQ,44,0
1T5rHl81hAif8PYikrms_l76-Yekv_at40LwJjsAsbQ2v98,63,2858
E6HFKMhX2PYJEPNVM9zKw4Wq5n_Oh8CdyoBVI7Ts66dFBCmRh2ry8Cpn,105,0
8jZtb5U9KWE8O622fHpf9FdRxLTzmeDy35mqc0aqbeGuK0Y,63,2571
eOsiuVkrRGbr4hc6o_a9ZdOYbd8a06IfYoW4SHXa83wAEw,74,0
I4ZkFqmYe3iBVPEXUAkPyyVQsNP64tRjaQtvXOBFDFFxZP4,3,0
mJLTrpu6x_GKspHLB39_i7NDRAc5aw5bj3UhWMzNAfbQUw,133,343
vrA51nzpCz4mCNynqBJMPSoBCoMJVvqcuem3nYaH_0Ky0J8TFY-gJdnm,7,0
HuRUHG6HlFyPLXVbzcliLxN5ylRiM9p6Oylxc9qzVLeLIok,236,17687
uC-VVlngnlj5gbzuuwku4T-tOu5AVf2_GHhbwpepmgtQpQ,516,5650
nr_QTb-LNZe3qw7RkeEpiieGfeC_M52cpmTxExeeSDx4Mg,75,4585
ZfOLusqYN4wqUODmRdiunZI4F6vaUVEOq5y09ySGE8uNkQ,33,9824
zfLRLYc8QgECJblsMrA6jwl43KZNQMFYjWHytwk47GJSrC6U1Wj162bG,240,7570
Bd6Be7UO_S5Bli1RD2xPHhYP0f3EuBe_js4Xpk4ANJi3DQ,101,13137
NUG8t1q-PeXqe8uSvGWXjhOowJsG1Xb1OaiGAmstdVIeXIc,24,3900
jCowyEkTjenkZfV4NQCOHCLD40RiJU08dVZdzIwo-5fQnSg,40,49403
4mf5XAPkCvFNk_rGE3D-xxxLlcljTPqtwlyiC3HV2LD8zQw,29,27999
BOJnba6U4Uw-X0qu7KgrvqxHNnOvG6yeOexo5dEfigbSEw,432,11293
K31bvask5rbp6nd9O2tWPP37wfNw1Bgpw9n1u62YLAv2LA,44,0
AzgbBXd-sI5-zCCpS1v-HedeHWfKvDpqtFxZqmzvvMsbnYE,2,4883
5EO-Ix2ebzLGRWlYSWo-ZremqIbX-EfdkzuW1JdhxWr9Q8M,104,52935
25D6-VlK4OO08XnsR-KtF6FiXupqQ6qTIiG59QSVDAyYbfc,28,5649
6ZjlW8nQJ2eSDTeUXwPLkqx6FdMvMZAQe-xWCxoyvmwf6b0,40,6520
jU2-f8mpAifiOFPJwk0dMj5NYR8MQrlYHvqXi_8iSe85Hw,201,17515
Fu2xutPtfZ_P8cdDf70XSKv1g9GAnUY93UO3tLhB0rlJag,516,0
ZegJZU_-z8h-XuwQqvJVDO8W6A-UEAzoXOH_GBaPQcea6w,427,0
bjDsYYC1TwcjnaCK3GdLx-3vhuW_VjTJCs8zTwOEeKJcBPk,420,0
fmr-rfnudxXLGYBylHuIoMqljkvUJUS7-sXISP946zmuTg,56,0
AADKNuua_8tnKKYUZ0FiFSDsUYSIOHLdf5It-Sz9vOoA4Q,57,2885
4ptB8rt8uE73hsmt8EO8XJPLw8LgZYsXTja0TneBwE7SFKM,36,0
Rf36Kg6V0YY2sfAQGSk5WSMMwGRzy2lYRQ7ygEXD6NA6Tw,518,47924
gLkPo26hEORA1lOCQXqkYbGfnIAhOx_Xnltx_7wjFnmbyRlO0JhSV62d,102,2086
O9pLNC85dsZUecZYq1Lrg0f3DyhA2JzqS_rFllX6gVWbwf0,101,35514
G5gNb2dIxSqAYKCde81PGZmIFJVFLKDrEleWmBWi3TERchA,141,5832
rnxx3jLU0SUEWMNXcmf-SzvfyL-V90ckx3p04KIrwRT1KuVSJD3AZP1U,115,0
B8ETfjSm5HBk1etSt1JPrRUmOmrX9EFkz7baQuv6rgHsS6s,45,0
iyt57tVtOfOU-OpnwlddXyyFgiuO_NkANJxLxf81AlvFdQ,39,169992
DZjGIPuz3vnHIvJXU3PNzvqE9Mjdh-_FhF6Z6WMzT015Wg,20,76873
Q5obIQ-SC9naDe7yQTQgOKPBUl42RiBJ7rn8hujMPPLX70A,26,7093
Eq1weiB9Usm8OGHnz9QhlssbpM9cEaMbKW4IvfKxuLxLcA,78,30322
JyQBsYM_qOE8h_ZPoQaxqkukOOWKDXQklf2CEUniejg9Qw,84,0
ZqKlCZ8tX4nCpxYl6N13cbyFqxwzqfnHhOIaXkdlOjBZWw,36,774
N8yGTs8kQ7ZbuF6BkjY4l5HPef3cXcNl6szAAaQHJlN0GyJc7rysUVjo,141,0
_gwHqZftBLMHHrj0XxNdl1WfQu59gv3U5mCkv9qSyI2Zjw,236,19797
WPUKklk4aAq8zEvHGMjfv5dc-5UCHnj2vuCN0w1z48UiDSs,24,31787
l6qYccyf-4_H8VOzHGMLJgH8SrR-HXssV-QEEIwjZ7Pp7Q,84,6539
U3M3Q7ElOasK9ODVWxx3xJTfa0DGB0FtjN0-XvVOMxXxpQ,3,19383
ZNfGqKvCFWEb1fbecj5FJYuKOG_6jHvEC504BWhBm6owkIk,163,2507
dQymfmaIqQQVt3YxaIUCIRyomDmF3lLFkEnDcOfmSkk5z5Q,202,17119
0kgzAmnz11gZ_aA-0EVLiE2MUbd0KcEjEd-TAxA3xOB5v5g,245,68458
xw5RAAAFoJ9DW8q3Dk5NcpW0hZ50Kmiy8ncLujntSDnS8ISksRwquGnI,84,0
AADKNuua_8tnKKYUZ0FiFSDsUYSIOHLdf5It-Sz9vOoA4Q,36,32890
D2T2JTrm15DLiRWbfP4VTHShnbZZguVqop_h8OWZyRpzVnI,268,0
kE9ByfYYBtf9lL6qaWGPctrNFPCK4iuEbj1P53A_PVVcsQ,268,17231
cI55OVESnyzQVvd8VjPiffj4hLhksCYyfSZ2iQ6pKd6psTc,2,1898
f6HJ7LtWNFua91ocbb_ku5o4pP_-TB-Wl_RDRkXc91PQxg,141,34011
9LcQS_ACfLk27nnFLWq1KGiA6GTrmpG223sMIFwncOgqUyI,40,2614
rnxx3jLU0SUEWMNXcmf-SzvfyL-V90ckx3p04KIrwRT1KuVSJD3AZP1U,76,7786
ZYOGEwKSOutuW6sFPjpzu0tZJC6SFveio38Y1rtWVYCVXg,126,471
4I9shW_8NksC9llFqEOLQ7y_kdvK71gg3kQxQUfoQpTJsg,54,12881
ByLJ9vZ3EDXyV2lejvR0SV6jlCzJtKWGu4FeCMv9XhBXBTY,18,41434
qNVidQUV6qTr_vPs4JLbbWNlLdEKohB94JqeST41unLkKg,2,2198
Azw8iqEQLQxQkC1aEhz5njpheUT4n5GNzWujONU6DvNxX_W4EVHdxieu,240,27636
0kHkgoEs52u9NPtXC_ul4e2K8Lr4JwO1FJMo5KcQ4D2C6v0,36,1770
f0Goc0rUI-y0eeVzkvHOs_7ThiyAXxzw7TnJ2NQ9ErKI8Q,28,128
ruyyTP00IYZ6TemPS42PXOPPFP_bf0u2FO--hlGb0ffJpxQ,516,0
lPGwlQ2Zcs4fXH_ND0uf3QNvPuGUzjz9r1Dw6sN0E8GEat0Dyerk9RQp,427,0
N_tvg_2eAX_sX-yQCGxhSYW2VFIDejLaaqxavKlG8rGWWU4,236,7665
gTuT6Rsa9zCM9dVw7kIouP86cUA9gmaqvOFNbHSw9yDr1Vk,76,6080
Es5PUNEKdix8WTHzRNkogpXDLqrH_neTVePLwJGQThVMc6E,1,155
GEyCBMZmWX1ZrYvFVAerx5sz_TsJqcPWjqJbwpsgoo93S2I,3,6353
_II9NksKAoburh_5KHOzYB4Snqvm9HlvJC8_raiQZg67oX4,133,1123
OTcWBYb0iLyEQZiQKcpq9bqYFIg_cR9GN-pOhdqFJYM5TQ,75,2628
4zmP_YHdHUjQNWDypuVaqmdgrM9_bpG8se56xru0R0XIL-U,427,0
ONGz_h2p3Gd3YDsAwvgvaBxVFpBnVvhaoqptdN_2Yi8o5A,40,14503
5kxm7CQl1x7s_Fw_vBCBq07vDG3J4QsxS_-pGqkQMmt3VdA,44,412
iAWj-pY8-snM-1zvirS3_J4c1r_fOMX3T5XmjgjB_1WpZw,223,28219
7TySh3UcafJDcmk_2eIdyk90NJDOqnOMoqDCWyWlq7JPsg,133,1222
Efp3ow6IjKFfo0wcL9yvcI1F6ksE1wZB1zaKAeaTAfscmw,33,1205
WwPCMAA5VM0r6xeqPT-L2N6qUWKnzFJ4vspalAtBJ7v0IA,497,24637
t4d40hOKLfJ3OCO0TSfecP0aYYM_AAYs5KQa2GP2W9t8Pg,23,15819
ucdOXBw4iiI1GXT7uLUrMEVuwnYBQCr9AlVncxogbqDZgg,45,20687
V708wtllvgR1WH5eJU86xNU0SnzEgRWfDN3j-rOGVz8tZA,81,145
iaSuvR6-DI6_UYVO4iHaSEGsPYDTgKp5joCDFMrwq9YIjQ,141,4936
esnV-KIFw-6zD7c5xIrGhLWKQF3w2-PfjbNjHvnbLLkt-xJBvGpT4s91,26,1628
SF7uIBJfnBagHMA3XmdMzSY2-9RcNp-quO6N7JkX4he1lAo,133,4349
RjpS4rJzPFQ2m812KUnv07eQhtxm2dkWfJn96a4Bm_Vb2w0,96,1372
jQxxNRQ3q_u_-bbW_S2gFt7bII6B6EfwqmjuOyH7V0Yqhg,223,9571
ZtDqzAsBV81o6N-vFq5rquQCI8zQ136ay4ihh643IqbwVA,133,11953
Axrfz2TDY9T9USWnerZsW_xlQCecndS8hCViPcQJdpKuAclJ3YV-aJOt,427,0
EprPE1-GaCNFp9Wi9J7nnJlU7T7k2qvWWx-48pSgyHglcGW0vAk4YJ20,29,0
4RyMvBzBQMrLpN49fEsAKVGMHqFatYcbp7ydjisMJaE,63,176268
N_tvg_2eAX_sX-yQCGxhSYW2VFIDejLaaqxavKlG8rGWWU4,421,710
h1Pzuyj99xu84KBoymhEteyBCWNBHWiCY3iFIv6m0-6XB-g,63,0
OTcWBYb0iLyEQZiQKcpq9bqYFIg_cR9GN-pOhdqFJYM5TQ,31,6587
dtJeVrapT6XD-D-PEj9_Y6lL0MZIxgpEa1Nfk1qKtYCDVQ,29,19427
5i6NT6INZrrz_EYglAAfF1Pk_edAwFP4ZJx6OA0HGCcdMA,427,0
ZycTn-0J__lKau5ZGZl1CiF36XMjKMAkonaCKelQ00ncCQ,38,5231
Bdt-nr6YK5JtigsXwEscioosIG16amugu1j9CQ3Zmz8osg,268,6957
-IfLabps6obkKzod3rwUcv8TI7O1wmqRRdKFLCVOsIjPetw,10,622
-Govugun3f94nZVaYa6Swmcv7kc3KmXE0OTqzSEUlqUz9Q,35,14996
CCssXJ5HZh91yTg1h8F5ZN4ub0_pZ2Ms0wrZcguEqOK-Vg,10,104
AOqt79dzR9SOIatPPi7PpjeJR9prL_KfPvJ8-i37P4HpKA,101,27812
nyi0MKI_X14ioeTpuG06QDzv63tmvB6TA_U4O1PauLMiAuY,38,6845
KWabZ3yU7G13iCRmYURMIcATqJWWmCCIlh1qarKU9Rdje9k,133,0
cxMHa3QZWKySbct0de1whQ1LsDYOb1bLzFhDcFtfm75LCQ,127,1219
EgT1-fY0jN2k59Gy5Tp7ugXyYPwpJ8BrKh16prt1xUOAlLQ,28,7079
leHtJDhZlFugodTERMTE-edPf8gb-FPLHJIt-EkNLBzl-cs,77,2330
lErfZ7xkpr2-bvXdOODIoaPZCcAdnQjIhE4rPcQ2IglUdy4,427,109013
k3zCXbmEUMr4D7pA64LqPdb3G18nIBZt9feyQhd_jhALAoU,131,7319
o0QcepcRXLqmZGPJk6CGXZk-G-zDK57V8LbuG1il4f3qpQ,24,320
NLmsUtdWXzTpAHlh4HQCajkXWKa7oFgTWVBprHDWGX5W0A,63,70342
bwjrLbaX0fuRpzUEqtWvX5rZQGEIPRuyG7hMzT7FDKnkmA,20,183094
hsiQ20YVz_Mw0K2W3IOysHJRmpYsmq53nd_MViVwwjoNqP4,106,637
sRwXP9V0xsvGAgxuCvuMfdTLTz0DXW3QRm_1k3vAYMwcLRg,76,1273
7XJLYPcMKtbxYT35WVTU0w0nzzYpzL9zACJTpRWkLyAEcEc,223,60921
5EO-Ix2ebzLGRWlYSWo-ZremqIbX-EfdkzuW1JdhxWr9Q8M,7,1451
80ydmGUE2LfK1xcArMZ7H7IvVtsivDR81VbBuFv46XEcWA,10,612
bI-2eB1UKclL9TLz1E3JDzGw_RuT-4itDzzM16jqrMj8Ta8,85,26069
aBxLlfPidBv-eUo7n20_PnOGxAbxPzTXXrP_BC0MrA,240,7859
XaF3r189UYIjpQdpiA_6rw09N6WcHvErX-e_OI0ws4oyOAc,74,2967
1cNQXpLHBUCWJqaNWLgOdHB9XhCarQuENBciHx2qtzsiRXw,15,423
bMamJ4jPNc8rvLmc6XDx-_Eq8jZsyVWwoZ8Tpqi0s6w9Ooc,7,2751
q2mShA_q6ugkes7r_yXRbt94n2W99mZYKkeX67j1jDA5jRU,64,93595
yzArgsob4yhlB5SLw3J1hpbX_7elI1Evrw4dThv57h378Q,420,572
r4VUPpuotWq38rrcK0y0GJzGPDrZbeRSQEQhUPJq0VZDDw,20,5221
EmgPLF_WgnrI3rpFcrLQaGQ-8iSywM0IYQknmfTROWMowA,68,4456
OptXUk57uNU3VZiPKa4gPwu1lOrM2K9dhv7uS2mjy_i6h4E,127,0
K--uImhQaO_U_6e-nsXac0pzaVMV51B86ekscO_8uZJ9r-k,29,8886
yepy8rpjYS7aclDOFIQY3v6V04iqCGAJzLeUY8zgVN1p8g,20,3289
YofPKO76ZAQwo6oVK57Zl-Jqhp-xn9KyVVh6ZKuWV6wjSe4,72,4900
YAdMuDDo0R-oMpVn7WmUcnhRp9995tn-Oi2ZwEkopWKqqg,113,1042
YdPYfVpRVIB-kZqG2OhVO9G142RhlhNMQebDmXpE7g7bCw,133,9206
FuuohgsXrPph2wcTcAxV7PXfEmHBZzn7OI1EZRukLHBCxAU,54,3091
HjS_WW9LPDjUl7kdgkHS01_p6sEMc94QmSnZex_VtLTVqg,69,9594
msFoa_kFRcSOxkBFBaH5_aBFSC4Of-soJeYCNGT4rSW5QA,84,0
HhSWzR8C6vuXX0esA0gxUxujv-Z5veEmWOh1_2qn4kr347I,33,0
Y1BzuZrtNU55Vtb0LC0aMEVJqMLN2r-HprlgkYVuGz3M8sw,31,172
5ocA_Gj7ycZx6WGaw-RMNHrLGobEiUkBYmT10iyOY_aQrA,69,0
1GP_FF4B61NU6uypZj9aE4z76zZTIqtt_Uy21myhQmyOP3Y,80,2683
2cPRkZQZcajFfZWAD1qmjDVRL_XRiehl9ufYgf1S8FCbTw,16,9108
jOauWEHt79QfPkfv5brkYmFhXOCm0aZqx_s9tTqB_hvpBg,42,38836
3mvJZqkZwqY8ZUM0UjuZOG_2aBihWUG8DAOLDOIXml3AFzw,31,4811
od9fJjtoPlqXr3Yn6BKfRFNPvzo9YtpXVN2nBAFXrTYC6-Q,90,123
87vutJhoL04gYwj7asFNfgLlbKWLnWkJzP6ju4M7NC6ZgA,121,1689
xU-tvN-gmIfk3IX8FboWN5xZ5b3SFwTKF64ojSYgEqhFxojXfWb3VCAA,20,0
VOM1izvfxY4aJaNlZN35aedYAhyChRNy91idTP7Sb0gS6Q,54,1711
KioZ6fogTEOt0zzdSMaxKojt-vqSyIKe1sTNLtgqs36TOw,20,0
mxuHHnxBVl5C3VGLAe76GJWx8Vku10ckOARHScjip9m6y24,420,0
LAWHqcynHaHz-Or_TpiNI9pjXI63iN4klai6gQOEBclFDeI,2,1005
DBBC81Gw3G1av82aVghRn36EvPYLf1YGNzOUaQOvw4gwPDI,76,136779
YdPYfVpRVIB-kZqG2OhVO9G142RhlhNMQebDmXpE7g7bCw,63,0
k47_iBgNo1hd71sXAiiYePqtEbfdoHDWFwO-zeLLro8B78e5mno39zUE,427,0
Qb--H-ZgLK1Tg4J1acNvaZIV9w15uGo5UuWnXRxoJMWLzoE,236,167300
RS86S5GvLLLRBZ3aqT0afBzrsec4e6mI6V631Q6hIuVlqAo,141,261494
1_7lgtbcN2d6OKheruNHA2MC4605ifh9ms0sg5cXwJ0_R22rjXw4Bvlt,29,0
LW96ozwvV9xqOyqE-jLaBcJxkzNKsnfkIe3s3vPxaIWthA,236,80626
p5L6ZEvqmX6g-UGFuNBTTqt5Kuq8WBZKAnvyIKksmHnfPCk,164,21137
MtqRSbBbEUaSy65VOJ-pIDAA6c60xsBJdwCWYORJS-pGdg,432,0
9s9J7_p_ucfsVlNvdd-EwjxEQp-WvDaLqLajnnt3ME9cSw,115,0
yhLpeXkwOa6PISh6SrOcbbK1zO3PAsOB_xbDiG56DypXTto4Q_91kK5Y,36,2811
Azw8iqEQLQxQkC1aEhz5njpheUT4n5GNzWujONU6DvNxX_W4EVHdxieu,267,3130
8bVP9u3b9xEcsHkMoacfO99ZddDRlSIFgJpa24oXTSnDLo3RZWgIjX6o,3,12667
LJ7uzhEFGKlSbN0R3sraaRhdPczns65ase99WepsXyl2s10,432,122
CmodbgEvyRGhJTMo7XLj1sEavta5TsgSQ5t3bhPodr5xSXY,7,8652
QtlDq6Qx_T-26SZ8W54UjSnkxy6VJo98CKDae9YM3zADEA,164,21458
DdSpmcE7VJYLYuiDkkWnPwhb7nVAi_7oOIpuRnhFD0Rpyw,121,37560
mlIvv2s1TCXouw7PD6eXGdn9_mK7dFijSJI8pwvODEgMWw,14,0
tBTDPhlbgCkOhZpfGRlGcwq9jrpqjJEpkLlmEUoc59_4VQ,29,83866
U-Nj9CK13R3Fj8NdluUAJsxwH6B8raGYDPzTZs4y5zLMv_g,20,258
t2_PQwt7jjsarQMt0Kd-dD8Z7ehG118sJLhA9Kbc6J-Y6v8,115,140
7JzbRc6hnfaQGPZeQ1gZhO2JMabN0Y36079Wwhy18thPHNg,104,6876
JMuKKCcIBD9-7W2vmUIPsvsRk7ZxyR5a49qJuA5V9whgbg,101,241416
BvIzMNj3YEF81RcFQ4aWRyCerkQHq36Lo1qrB8GxyEczrw,75,11334
Bpaqv3PeeuhSTqLRq2YOUCUTuSptQ7ojxaaC8414Dppfzg,38,168
4zmP_YHdHUjQNWDypuVaqmdgrM9_bpG8se56xru0R0XIL-U,74,1495
X6ixgtvsmpYu1EIAwVmDU1Va6PipKNTpR-XyfnmPXR9OYYI,223,32275
jWLam5Tq8bhDLXMHXZdHm0U6NuLQWs-UYEOqTTb6DxnMfw,498,22579
S4dR4gu-wNZhyR3BG6Ha0rkZ0l7EsRBaXHdTywX9_okwGQ,223,16739
1uXEjzBX4u7PoOxdQpTy4ZfrgdKMfx8kNltISdoVQuoRwfPC8x37kmUe,23,0
BECA9pyndAm61vZPrkU22Ikx3Pxv99Se9mgpjtQafgoWqBI,56,0
ZPuI52egfW2Y2C9bdngQvPmXLZ4F86g8rFbkZ4sRGw8Ca58,79,0
sXqJzleOLZHsu08QblRSTolHVuCq2Ux2SNcpoOT7L1nT_Qw,63,7677
Xrv3vn7i-Sg5MInzxJvR96lmYiSjRSlZeNMwJ73d9eWEjQ,4,11793
Z_sL2Gir2L6pGClbnO54TgZEZkjmEb9RcPlWy4KKqOA1zik,101,0
LNLkHIIh-I3Oy0-7ZaBhG_D8xhKUwfOwbilskqK5JF6SqygivRKfZNIp,136,0
RaPx-X9zEIwywAcVy0IObhQrSj3CJotAlHZfltSUYq-7Dw,36,1363
70AnOxS_CHvxs92v-fWXW12XQtIDExLA6_pRG3mNnM91nw,12,67334
6UOMgvmA_AHDl-aEpxFKN79HIpCPHD9hcYnSJCDD8fRG8Q,29,0
J7Oki9-8D69Gwf9BL2frG6ZbmLbWzayNNW63YFUcyY1cJw,26,4018
VvEE4iNbrO6H5124XvZZfqBeIe-hob7kaKzXYMTzy6o6zSc,142,5579
jSagbgwiiOetWrdxaMx9ItbB9_qOwDwgOaUzBRxEjQ,36,3229
1i85z-lz0YTlyQ2B7DKfEcHD0hKMb3Vg-paeV2EjnizAtpc,61,156
pQhjdWGlb4HUabXdBLYijbbuPz8253ZBHy4dEIiF1-TyN7A,60,0
uiz27QGBngnKHicIBWD0BzO_ICXX5uhhG4LjMJMvbyduERM,15,12164
kL-hjVXzmKEUn_UWQigdIWBLRXjJByNF2my0u62GOaUO35k,136,0
iYn5IZtuZpQd1rQy8AZy1h5zZ5lMWA8U_MA2dwdV9gM,7,34700
yEx2_ix8YK-yI7PGoCqdmczkhy_edj-ft4u6aUo6HeKsPiI,28,37372
tg0_HeCLEuIW1Yin_LOVS9R3JZa7M-vU15VmvpkwSMvLOw,14,7440
mFyJLNq5-DiJGVV2bPXLcsTEPLGw1rbabMeUIEXNLSCH0_o,20,0
_Go24q1E5ETFx1oBkOq3fyTbtjuKDyKYwnyKvIfYULYgPA,427,0
D23hyEmhnrSb9REEOA8V9tbhvbUIOkJKBM1kKE22tmdLpu0,245,582540
UsjpJeED6gHdqYAlMiCZImxmSCkyH2z_KDoH_e2BLCLpTrMWmjNvROh0,432,0
VkopDol2ponllZTCvIJWtouLD1IJf974scanrpeow5_WieY,223,28456
XQKgemnqmcKOb4roIatScZmi4z78lrH92v7IQnX0_c3nyw,57,997
HI1CxXDtg63_5CbGmiGiTwLxb5DS9uW0frZYH1c3bi4I1A,421,0
H830feX4gC9U0bEJYXG3OVj56AlYXr9_hJ0VOk7lkpCEKA,96,15422
a0kRF8-AndHJ0jJpV4EPwOy3iGVJCl0x8tJq13ZynouQuHE,498,36117
mkfo7QbONwTIL7ibFu8hUFMCLht5IxV5apK9HHUanYdpMSw,28,27117
lhPCY3Gj-0IiPehfw5MLF5tfEGxBzLdnmUfYBVQjO7c,106,0
2wq-LZX3UYS6U0nH1ACuP0B5m9Aul-P4VtKixn9x9E8--TQ,22,22951
ij1Dcq2gjUPGpfozqYENwVczj53Td7fp-I8RqX_EOXnwmOgTLGtJ5xKt,78,281
R5Tk-E_M9hDt30yExtJoZk6JIiQ1bF9aj_T0NP8Xo1m5Vw,10,914
m1vy3gLfVidx5ojC3TfXPBS3mKHoDwH1f_qdz0MzLuXvmm0,133,315
ctQqG8KaYgQOCB5-YD2NBsmw5DUgE2KTOUFvs7AenBmI-DY,44,0
P6UKi_bd3DL70ra7g0_CSZaGOc_4C9d-vxTTH5j4vKvMag,45,174
M5kjm1eWFquXNu-FJkE2hXU92N8vK6fY7y7Dd48Fsa0emQ,20,1690
0kgzAmnz11gZ_aA-0EVLiE2MUbd0KcEjEd-TAxA3xOB5v5g,141,26915
I6zmS9siTTtPWLyDjbuFbTU2MvU4f-JffoCMV0LuB-1PgvP591h0qp6z,23,0
WTTfiluK4ghodLa1eWuCoPN3NOa0l2zeHmjRNAL4pfcTrg,240,71116
Utb93thSonAtkCFkwixqetnwqurqyfIi2uuUV_vAvpZ4WmI,136,187
DpnGsosHsWRsRvNEz6ckyJuND6lSCuJr6Rgu9HgGnrRVs4U,64,49588
H9pDJCjbgiH7ln1mSBG6wqMsPS1m7FsgqoBDsJt4yH4qAPY,516,0
NmaOwjE9gE_Z_zCFPSA_U1GPOTfcVAOp2xp4MbUAHJc,38,39413
-REJGv8YStk_AVhhUrTzGJdRgq-IXngWyoE80bvIjIvm7A,30,15109
yIxqyEeXG_W1smJOiDTWAxS7mfPqCaxzmVIVVQ4SaF40bw,432,6265
3L9DPasBU5Mc5q_VLRP4DtQCvOunsAn4rNiwfWHw2Z2jl2Y,223,2339
9z7Iabew74uhGJqJ3ZL4BqT94jJMP5PxAMVAIyuxPzYGSZ4,23,5048
4ptB8rt8uE73hsmt8EO8XJPLw8LgZYsXTja0TneBwE7SFKM,45,6991
bOy97CA3-c1QpVfrLsm8cNm89_bgeOGv0RrxGyg2MV1h_Qw,223,0
-gtwQErMaFU9yS1bupdrIXdgDff6gz3iKwdIV44K3N5ZGQ,236,99104
Bdt-nr6YK5JtigsXwEscioosIG16amugu1j9CQ3Zmz8osg,223,6607
uluc8_hfJYRjlZdCizjEjTRFWj8oormYzwfc3izk9KOqq7k,37,145109
rtvkJN4cY1gbNRt0YPxMS3sjlxhvLam0QuZBdg7kF0iuiw,35,4785
Tj1GS_GdGb74pyWJSH7I_qXtR75gG3l0UaA3gQ3dFWDRg_7TDzrT271x,77,0
DcIVBFiOG4fUu-UAYKShRYihlUW7IjJiFwFRdtY_h4vYrQ,136,3012
9QatsqOrhXcCQ7bGI04JqB3do77X7mqwQhLteE9I0Ea7rw,10,6783
zE8w5wfAz1kcKSYuixB5997VNuJQNZi9GhBh5ixdva2yEA,18,25486
C1aRvjZRUFtN3DrTqViyjWZ9VXONCHyDbHNhCHIInofVfg,72,1959
9h2bQkSD0MfCW5t8Y2ZEYFvUShxcUvFOnWDJoVY-TeXB2kk,10,5112
icq-2KG_hE_IgYIgRKRlto9o0wLMm_MvbtY7ez2dq1jWNNI,20,26468
sXqJzleOLZHsu08QblRSTolHVuCq2Ux2SNcpoOT7L1nT_Qw,10,974
RlP5sktpmxFJWWm54bRpMLZenhCchri4TG4LSh0fTtXL0w,111,29297
8xlxGR-AaRp37DsDWH74QzCj43XNTBDF57r9hVtgk38FOA,201,0
VodmHWkEIITfapndzRDLXQp1rj69TkUbs8CikWpf5a9DUd4,427,4528
iIGfKbtLl8D8V_BuXdsaYFbOLCKvsSCNFBR50bxRItr7Lg,23,73799
NOKBtF9j4AsN_YBJs3qhVE2UnTPwFFPDPfMlGQPsxNZniec,56,0
-YfE_56RXccrHRb1oYgOESDXChzzecchP256pP0kCzS8r8g,38,10861
gvFLYAaiibMWzYo7PVkhPyOIigTgh3-aHUHGoAS6N5d_Uns,432,0
De--kZc1Bwef4Tk-PyxiXBRNKHN59KhzyGbb6jlRh2vQeEbeeA_x6B8n,236,1308
FhE8EcC4oAtmCGNRpCwpq8CXnHx1hT1suxOvnCU7rqmVWmw,40,2820
mmxIn1lFtZB7dKgXqp_7q1oHQfUqZz2pMJk-TfKNZNVIxAI,39,125538
3EGLvShvzOmkMnIl8qm5aRIouEYtqFrSmzesH8JBAcmiFw,101,15247
-lri_dM3LTjAN9kWn00E_h1tCInS3JtPWHJikhR7n1RMzg,114,0
E-BS1tIIjMJKHmgRsZttzF9vqXF3tZl-mvTY3U_hC7eAR0R3_4RxkGRc,104,0
cI55OVESnyzQVvd8VjPiffj4hLhksCYyfSZ2iQ6pKd6psTc,223,438
5fiOCJa3FajOwz-3sHnwQpUPNy0H85d7lW4A3NVsUk_YNCs,15,29167
4t8dVa1CHzP-dt_8svovwbkwDMJDEvj2UqaOJOCs_nCrNmM,96,7187
PVzBc47wv0Mw8V1jWwJsHCmY5wiLR9XQP45mb3AW7sNT9Q,91,124
CCssXJ5HZh91yTg1h8F5ZN4ub0_pZ2Ms0wrZcguEqOK-Vg,236,48240
akLaLtKlNncRSlRe4dlMSXt_vgCVCCNsF8M1GvQ2D8UQnKQ,29,7932
9jG34vkFFYiV1I9Iza0LT7iQ09dgo9bnKRelqhkfs--9O74,33,7573
-PLJuOjKPvk_yaAoln4Q4MLaANOodxw-HbDf9T-ZfU2dhg,29,3596
Zm2dim21HYl_-9L7ErYy7qpgrdCU_f8O0Huof_vdizQgNg,38,3740
XpQNeUO1Wh5ORkUC9BonGh7DtDu1Ty0ID1ku4E6r-cVH-Q,201,4809
6ojCnGPCwzESmDe3xE2kEdn0TswNbcmlWfu_QwFnaqZt_A,22,11962
VQlwkX6xQo0GcHWs_VdYCT--X0Vm160UUJazIPB_-sEUYdIE93LPas9d,3,0
KTU4a78m74gL6Db3cG5HGkwa1ZcykvtAJbxyKY3Qs2EdNe0,78,5497
gmqCLdMwGu3lpmfBM3IG38wqqBNJ3xzER2NEIQPoE_M6gVo,15,2900
Wsm1NjOmqg57k5YahEZMwCLmih18SUq3hZFEwihg9w43mrk,240,0
PqxvUv8e7ja0m8VAbsUOALt26pQ9sKDnGdaQm8GpWA1TKQ,106,0
A73D9x1memnO8Gq_Y-FJYjS6kL029zim7ScNYyIdeXgwA4Q,164,3100
Glw5L_j2tpz_Yl_6FaLQCno3H2q74uTCGxi4WFo4pPYiYOSRl33KWCvQ,202,0
v34NnsrJBQG7smcT9GgicJFUhj9_l_r1bZslsWB0q_Qw_wY,80,4835
I4ZkFqmYe3iBVPEXUAkPyyVQsNP64tRjaQtvXOBFDFFxZP4,76,14678
q3QwgIIEqbRZE0S7d0rypKP5g0nwm-PR1SzT1rnYKrXV4XYekOyaPe8c,432,0
oLTqY5J_nBbVtLPkF32FzR_P_G6p3FCEQh7Ud5wedceqtq0,28,37306
r6vUtf5MQ3_S0wSRAJ0WajR9jz449nlxNXFl9oPxmYTcdig,54,21982
frrWSWmevBmA-Fleglq62ZodrMavhqxDTpLw_rin558-kVs,29,1137
UbpPa2QtWNZCgIQ6GK_48b_6Mn11g0XPqoVLu8FzKFlvD6Q,75,2903
kL-hjVXzmKEUn_UWQigdIWBLRXjJByNF2my0u62GOaUO35k,84,8046
becj7WdplZy6x7-eUMhqTuvI352DO_3nvDd3NbdlMCo4_A,164,7711
Yi10jPkf7e0a7WVMoHsfLpMGLre8QV6yRU6RHd1mOebFNQ,432,20885
Sktn2A-QKhIDMQH3fLgjAi66CrZ9kKwtgk0YUVn3tWn9MuY,80,2428
ByZnBqQAKWMUkm8LixhCUcbYdUo4iq97O8Kgqj-PaYRmYWQ,163,17275
0UUZ0oqvy_0EZxzH2sQfIztF7mTiLoKF-WXk_qOleht1Xw,421,5088
7eJf7xDLjCndHenuqKeX7fR4oQVbLGNH8a9htKfiudRShg,32,2194
b-L3Aa6fyfDlUvMtY2yN7R4GGOz5tM2P4wQShOPcZwJ1Rp0,77,166
siPasUHP1oCVZHbYLYc4GVGujQxsplkrUuKU1IaUm9urPg,76,76191
0B9jFYBxs0YiWQybjjronGwjG4V9NtiBzE4Vh4cZ-L_4NcQ,427,0
6pqHiQ3fbTJ3KbLtHGQlkkSZuFSevF3gXwtMmgB9ZVtcFgw,223,6308
ep7LF-lQDOYmyJrjxcbPEZp9X85ydBTsD9lw6rA5sdLThpc,102,0
4BDCJ9dSV3uDxT92nZFrqmJuPtJhIumm3ZfLznEA2_k7vaw,78,16798
yJJ45QwJjxcD2grQNbI9q1dVgPsz0XgXKzKTle5AnTCa5g,56,4491
U-PV1Cdz0L2ssd0ib3wBRbWzp60V-jeb0EQsxHe_ebbIZZU,12,2737
-Govugun3f94nZVaYa6Swmcv7kc3KmXE0OTqzSEUlqUz9Q,84,27231
6uypfqAmj5a0onSKWonRd0ijihkwztwryDiyVMbX4VNjEqY,223,31966
t4d40hOKLfJ3OCO0TSfecP0aYYM_AAYs5KQa2GP2W9t8Pg,105,11125
Bm5vPB2g20rLNDxAYgi_BRbM2WZjYjltO-dvcA_1QA-2nQ,236,28686
zj4EsoyzqTFaLPWfra7z_RAIBtvETy2PS7dHrmLrx2VQaA,163,48971
2n4LsiiAV3LqPx2lH_OtHvA8DjB1YLCb5pPIpNi1ksMtq2o,56,3137
5p-vH4nBfQFItC5LtD7snu51lWljTuLta-nu7XzUP27jew,516,116952
K--uImhQaO_U_6e-nsXac0pzaVMV51B86ekscO_8uZJ9r-k,15,21290
NcZL9NgPPGzETjZO7GoPsB-j8Q1lJI0-DdzAO6NQD3zGs1k,141,94708
XhEL3ztsfC97W5ySFHKXt_mwJll1uHe8P_tTksMXOpPdkaI,78,5886
An6Ne8Q6b5RIQeDn710sH7G7t4xPOd78Bt2XQ5oY6eT0jw,31,5855
bk5xRn1wbtzudtdn0X8h-MZ0g9iE3zeEIOBPDRJRFrebX3M,498,752
FYIaZ95DEDs6Zx4VHIdCdQDxy8QRp7ublY4VdC8_SxWtZBXLDVZQR8__,35,0
hSc8-a4sBGqd-hfrnOwar8Pj-4xRO5OfRdiQyfwt6WUVwJw,133,0
q2jNoAwlM8jsz-JSWc4lvaMgHApkogC6gRzft_z1-zkEaw,78,1859
j7-L577wN_9x8SY2GezqvgPkSqL-6qYiJSXSh4r_fyHaKQ,64,90082
4IAsFUBys12gOXzDLefQPVTyNyPBoySSR2ht6-zFuljXD-8,74,6187
8_B7ovJwXAF6bqoPAZ9mx5npR4mhR9fZ-pwr6NybQq2r1A,76,67589
1EGAglPR8n-VXeOBI5eyTRyVvWVUryhH6Tq-lHEFxYo,131,0
fQPMDiajdy91vvz8m7lzISflE0qd-nmGm581bMMCzzFudQw,432,0
IOVcuUYcP4lfoRVDAQtPiyK9Hw56uhCzZkRgvL7lKzghhqE,79,3452
nfNHZCCqJH5ViPFJwGV0L7pnKptbLqVdZHurAt50m4gtIQ7tvJ4XSiqI,23,0
Pk-JWCw_V2FKmEXGloR0P4-zpd0uOopHiFU7vvMQ9w,223,36219
TydeMLlNTf1aj-lRb6niVJ8TU9tdbNJ1TK3VFHxf3YJCTzg,24,12434
Lwz5qw91hive12_Fxpd0eqVgG-xWAKJkJudhWVZM32my4fM,56,6221
8BGZ9RRRLJuXWKB4OysvHcftQMa8wYgn7scZAj4M9v9LZTc,114,29606
-SkuWPaQmch1CBwaN8NtHc-eVRqF4WOhPg2UiXDwWt3zhFk,29,30162
XB1Ijbp1IrpKZKclt5XEMOgg7xWA4_2FZlGizhFacCRkwQ,103,1884
SJ200xzo9ZQ84BiDjFfSPT11_oUUXMdOo7VQGCKvAPgCsMI,236,57498
Iw9cQeRQDh4vhgZNZ2xmJFmspgvvIXzDB4E1-Y7eoM4nIDM,75,0
KtmbRmNM4U-AaPSMWZ7qRH0JD6x_sn0bsZgCG59Ev8utWg,20,4467
ZKM53UvTaBHU88kUcgAvLhZ59ZYOL859007fHH1TrfnL3jBz_Cczaij8,32,0
gHwGp8BJNdPckEIzp7N5TTx_ea2pBXOblz4xiDEBLrRfMfKElWAXd8c1,28,0
PlHISlR3BT3Y7dH65MfvTGg5DXN3ItPs8EqlVfWlHf-shnE,240,2113
eH2WXbUI1-0LOpYhGLN2bHJPO340exGnTH5iAe5sT5OHQT8,240,1909
XpQNeUO1Wh5ORkUC9BonGh7DtDu1Ty0ID1ku4E6r-cVH-Q,420,3613
r9QIjiwqnKCUiG_-gYRram9qCHCOOv8b8P2q99rXx0JGtg,36,646
gL2JNHx7cq9-EPVZcnra6fpw1YoYpRWkHt1auI7IGMJ3kg,432,959
5MOO8obEeZu3RYeSsp3rLFFzuQynLagHfu-ln0XdhdD0alk,78,26445
wq_QQ3sCjisw_IjzaNana3HQ3F6gHxs89Hq0i7zoPQMDrOM,72,0
wuh8QLzYhjw-OBFp_9n3SzdGwBwp1EJx9crlSNaEfl_vlA,113,0
hXeh4Qg19pguZfB8kW9G7Ni-2v0VPefDMuf3eAi_Z-6Q2Q,201,4520
ZYRTq1_cYAPxvhXaTUK6aHATNzWsl3yiNZlg5XZGFsTkCg,115,608
N3CqA6RFUVgLRJ-wA0KgdMr_yciIjofvY55IFwpsONWUmg,113,21152
iwVFkFKnMYNTUxvu55kZdnmtROUOw98gTzDXlgXyHpwTENzEmVMeZEpp,104,191995
cClhqrRgFfhCD-Fkn4n-QBcNCglodnKY60UyWkXLkgCXqQ,38,59251
9oTG_tTGsV0dLCugDIRLIEMKf7AlGzvQ5jElIywvaQYebw,498,30500
Zfoy4P81jgk1ySZOXuGkK8840clQ11LuG1oiPCzoky_bNg,119,21454
ypFW4sg8MVUHhV0W1dgJJ1sCgqRkZ0CHxBDubOZxRHeGuQ,245,91900
KpxSgO_TPJwFv2Uwi0L6YTE9QaSVy3_CPPioU-mKu_EbfAMXKH76rdKX,223,0
12Q76IkqnpBcE3wkiU5UpXQlQMTNgbxAeB88pMLo8RkoHOQ,36,4504
avHHHK9OfTJjK1RD9qbsq_RbYXMXyehnO5BhnEAKLGyWO1lji6ihW250,240,159
1cfpGpFcZjOfhwaKuPB_vXEoCNfV-KMu3SLjJrkVMdT08bUEFK2ZSYZS,10,1342
bjDsYYC1TwcjnaCK3GdLx-3vhuW_VjTJCs8zTwOEeKJcBPk,22,19358
rw1CFSrOG3ErOpUyAiuMcrqmjPGkF0vtXcES0bXass5HuK8,427,9324
cZ_9k1JEpRJ9fUh-Lq0oDDwVTFXn-Iu21dhke7J9w9uSgI8,26,8526
NngIT0mByWKlD9cD5dHfsBQjObOVAn5ihS7urhUEIhqbXA,22,1736
m1vy3gLfVidx5ojC3TfXPBS3mKHoDwH1f_qdz0MzLuXvmm0,236,266869
SQ-TpYGqMn7HEglGNVyhoKFiRyHWftDmfrdVFXpc77OYpQ,30,163
qbLrRo3_057rfZHatvCY4i5DrKXupCfB8Css1VSJx-IjwvmMZp_5-zVu,56,5113
N3NebdFDfsWncZDLuHNdCAHK8CaKSWjjU9IZYluN4tA6o10,7,6857
9xUFD-7Rvgn4j27CPNIAdPruP8NRb4cmmWpRZGfPjgZGUg,10,1038
HqxMAfSC8UXzigo9V9vAKURbtWDR_Rvokf40hac0sLP-acU,56,7377
aFo7ucdV7yjERUqDjNZU8uF6f1_mnvlFrtQ9V0bTZq2ZTg,28,1214
oIf_QH4KloJYhzq--hpgNsJakgLFVUfWu5PJTl3TLftrxoTRNVSqkEEA,36,589
EmgPLF_WgnrI3rpFcrLQaGQ-8iSywM0IYQknmfTROWMowA,127,0
oCuT-x2Idg9ptlcNfSf_6tRxc473PCKkJGe2VlOoth_-T3w,497,1547
o0QcepcRXLqmZGPJk6CGXZk-G-zDK57V8LbuG1il4f3qpQ,14,0
jMcek7wB5aHN0Jx0zeaFT_fN3V-v2yRXn-EiMicmm6ioXA,498,51815
uqqmaQmkTgOGEBcO98BTkEB3_Gn9NNmNc9Anb6u9Fk-LLRY,32,12337
80ydmGUE2LfK1xcArMZ7H7IvVtsivDR81VbBuFv46XEcWA,223,5627
BiqlY_Qgwit3ZHrOC0ef8Vr9oIdxr69k5R6XbAmGXitwXA,14,425
0kHkgoEs52u9NPtXC_ul4e2K8Lr4JwO1FJMo5KcQ4D2C6v0,38,30085
pinMweYaDN7_KwjeYpNgKP8URzvhr_6lx1klaA8fUmmJQPY,133,4418
oOn2wtLV7GD0a-d3nOhXT623lW-amFX2HzUz-0RPWTI1yw,84,12108
so9yzLNA7WqBJK1JyaFaLHXsTDhO8Ae30SCZuMcnL0crU6E,12,17895
VDEDjMAuwr-VzAmf18uGtXxE8qUdvZrnjoaBBJPWem-Ppg,62,981
izgQTO5F3Ii6sQ2G0sW2_KKdAhGt543d3CB1RcspQKjSNKfRMIAU7xId,164,126167
pZSASppbjy7_51HrXfCBiS0Bg9S2IYLB7G-aneLAE1UOEA,142,0
cZxI38FPDFnIblPYKqynXnM26Lwn22Q8ePjYQsywdzbyw7o,131,0
aK21HFVGfVutRe3EVJFwveqIOQuNE7eoQe6rtQnmKUpi_pw,223,32309
S1SsHGLXQGYKB7rl29NeCsIJItFrgAY8vIFj61y6sEtJL0ivQQb35Zzo,78,0
SMnQIQtqJh00hi8S5fA9aWzYL55e4w5bN_fS9IGHjyz6NOM,15,1842
SrzvOs5Y0EvwQN_e50Pp_FGosC_o2iWW4-NMmRRMrwWURQ,236,88786
BRClfWS26ma0c36urU_V2gRw7AvQG80EgY9lO_2nQ-DQcQ,96,0
5EO-Ix2ebzLGRWlYSWo-ZremqIbX-EfdkzuW1JdhxWr9Q8M,518,414
mpkbIehgo5yUe0iH8h8uLmiXQNt0LO9OMeerFVHjGFZ4LA,223,105536
OptXUk57uNU3VZiPKa4gPwu1lOrM2K9dhv7uS2mjy_i6h4E,101,14198
NcZL9NgPPGzETjZO7GoPsB-j8Q1lJI0-DdzAO6NQD3zGs1k,20,60871
NeVrWYg-LUvj-6lKx9IgCG4jCHiLVXBrVS4Vm-HMwD5hHcu8UelWJnUh,102,0
C1aRvjZRUFtN3DrTqViyjWZ9VXONCHyDbHNhCHIInofVfg,432,0
5oM5LrjeLRsIsefH8R03uvQ-EIjVLZIm_t8F50v-Kcc7kv0,76,335326
j7-L577wN_9x8SY2GezqvgPkSqL-6qYiJSXSh4r_fyHaKQ,2,28542
yrs4u8zME06lus10cCXGKblR3WTUJ97fCUlYEAX8R4FEWqM,25,10133
mmxIn1lFtZB7dKgXqp_7q1oHQfUqZz2pMJk-TfKNZNVIxAI,64,404807
o66ub_FgySM7n6b4JDUeC7WaU6jpJeSRVCXw4FkO3tHxIp8,223,10806
tjBLJ89ksybT3dy7Ng2i-dejWLpHOwqR_-bYLp8GUc_iqeQ,9,15396
04tuGYHnu6u6nrWFCtJOQJS256qMsWjMF4T6rq5Kd8iwWqabMJ43v5Sq,421,0
3vixdVd5JfHmOjlsA8--nScO68mDnInrcceRVg0VVtp2Gg,3,1080
4lQ2_e5xiQ7qfUOng-9RBBgt44lFCaYS4VaLSpfsecKy65YUXJ8oH16z,57,147
l4deF3u0QhAiT2GohpSigEgiTqWAfTk9yYx4M74LDO3UvzI,101,5653
ibqJ-eMP1fabsay6TM0zl2QUTDUdqLdTEtUIA4I_CG4d2us,26,1949
CAaAHEf5K4VfT_Zp38ywH6LZKSzu3I2CoZbMSoE8ACWjlRI,236,34558
PcIIKyOLYrle9ez6StMK83hybSbXO_6WNCSQqxGVO_leLtg,85,2405
rwr7KD2aQIk0XdxSVqUIXj5m-lfoSADhLXUQTL1DRMGFx9I2xlOgpOGv,90,0
vLTx3ATz9MLmn0YW4vVIMBjKpUL_Sw0NAXiRgU8aMM3sRQ,429,54851
I2f7AYqNiK-y3dhNPwSADmnSXx4OSgA_zi5tPiyCId7RVQ,28,7800
4wnb-kaKWXHS1_VCgDBeprDPo4aWONvQ5A75rRLTDIQB0q0,136,0
VpJ1yOyQgg_GDt0xxBGmmZG-yiY25gQsmuBhSZZtKy1E0A,80,3028
gwcEl9ZJF3RN0lps0SvqHZzzJffPqxL3JsEBmNlVTS04M7OcQYTW2ImA,57,0
DBBC81Gw3G1av82aVghRn36EvPYLf1YGNzOUaQOvw4gwPDI,10,8511
hxT1vW1h-0-3ZNSy9A7tjpioqU0DprXyUbtF7orUW8f3pA,203,11508
qVWPWZmFaicQCabSAANO4--mYmgiuIlF1tiJ7EJK9CQvUQ,164,156
H122OyeIijTmBNoecI1zUMbnOA3V5mhCctfDeLoVq4lnV-0,10,13793
S5jcJSIZzqdn62qZ0mn4l12BONos_94bDwEHU2-_yi-mkA,136,7159
MpRQ3BX26Q1CjONzgHY_WM3P77NofYYovvFmfcai0xiT6qkhSMTJjsrb,57,0
luO9i_SHoCkJ1Z4YHkTLt7laghcIM6sueQRkot6SF4k6vcQ,201,0
PhGS_gl3DCrCUgjMDTctKbaXJ3Qzy6ptIi2dsH-kvOAycw,27,1174
yrs4u8zME06lus10cCXGKblR3WTUJ97fCUlYEAX8R4FEWqM,78,9667
Uji5S_HvSvpsMiSYrd4wLDpaDaX3ijHzqk073N6QGYjO6dI,39,13772
7XPUcH9-BlxgLTcqwKKI5h6SbK1WypwqNAR2rYrzmbkQJlc,24,1284
_m1LuXwlhSLkaS1xCCTKu-lva3rWZtxSp9xQuCpShs1Dlw,12,18866
o66ub_FgySM7n6b4JDUeC7WaU6jpJeSRVCXw4FkO3tHxIp8,12,13597
M0DMHZTTBHRiM5eXaKh0hQf7Z2Goyil5APeK2CIesNKwgcclTdvc8fI8,76,0
ngQhwO7NRTsUGs_ZALIHUx-CJ7h4PQAtyRL-xsu4NwOHkA,56,58337
xRe2yqs6jtSJq2QNtTU5GAmIZg0xw8mOlzPGDYAjYyoCIvQ,78,11182
ChTyMnea9ln2K0Ge7SCsFZTFOk2o-3Awl-EIG2oNR2EHziQ,9,0
JmuuY-4rOE63LfTCRTVrpNEGWEYFBniUMJ189LqsgofkEY8,24,10784
zj4EsoyzqTFaLPWfra7z_RAIBtvETy2PS7dHrmLrx2VQaA,3,16302
aScyv7Hm3J1uH03-k6tkT_W8Q0vmv8FB9uFfOz-RY-1zEQ,89,15143
iJ1vU4xfgTXJGfDCuFEAqglcA4l0xu2w6sLCWxvda2MZbA,35,71646
ZIJqRRFsGKMVQ09xoL8qTH84mvmP6eeJ8MRrXb9QbLNaSw,56,103496
hBND2nXfDP-qlgAPWiV_L-PL2sow2e2PFl4dJNgTMkuAPw,35,9648
qIHRY4hWWlVdC2UXMGnagOVHERuv0jcGzEHG1IrttLZ7PyoPEXRtjlQt,90,0
oCuT-x2Idg9ptlcNfSf_6tRxc473PCKkJGe2VlOoth_-T3w,101,28498
YPvM7iwmMjgfQzCMee36YEuybToS-G7qGaFv6cwMcsw9rZQ,136,14757
DieGop44bQEH-RluEgV1YjE3C8CfqnDKSssw2D9jUEeVPQ,163,79180
d-w2A0YFpnN9MBYKvDRDiCVZpdbpbH51bprIxkD9CEhqkJE,29,5923
RhZveVH6lTj5Jv11mOlnzLt0rYA7lS5BhAwjhb1CRf_vQQ,41,9042
NUG8t1q-PeXqe8uSvGWXjhOowJsG1Xb1OaiGAmstdVIeXIc,268,9144
nHSKBmL0foXmAl967r5AyV3R2hlnJkI2V1mcoxfw517D7wc,516,3134
V5TP7x3pPh15ZMhHuakqrIk1Px9T243zqObg1pemCm_UC_JoNJ26F-n4,122,0
7ufatpaFEN4Zl7dGJEtbQOs8q_8DxQ5mWBH5pkt0bQhwPw,77,29336
h1Pzuyj99xu84KBoymhEteyBCWNBHWiCY3iFIv6m0-6XB-g,32,374
XlankGQjNMWceBJuejpeZ9obvKO4BBIxBmDLGEG4zqEVqq4,39,14962
zsK20vlZlhSpImYa_0-H4WhYjMc_gChZiSbTXLqIF1o268Eg4VqApzdK,30,0
o9HF_MovzD2pmuFUH5F9aGXzQs-1K-tUsfo7Y64vmojFkFo,22,10664
ygVgEIS6hiASmCPycahaNa4yJKfV5vUv8b8ARBmvFqxW8rbD3q5GFjIs,16,1092
N10gBMfik30jLC8DYtp4RpDxey3OpmM8SfxPbEYCXmPLaA,516,735
An6Ne8Q6b5RIQeDn710sH7G7t4xPOd78Bt2XQ5oY6eT0jw,78,8017
2Dcn63dFaeLZDxV0boCfYF510D4AQXfVl-YT__5xxkksgQ,113,0
HK48I6X52DCGy697jtO3R5VruPOCDaD791curYMv5l6iNJ4,38,1481
zj4EsoyzqTFaLPWfra7z_RAIBtvETy2PS7dHrmLrx2VQaA,10,12138
1kZ4eRdhhH_AMkGGdpEzWp_Kw-M8YsTHM8zHlLCDk35nVg,497,383
WX4ssMvDsDERTJoSSdurDj2aHzQoitkJfFZVR8Sv7s04dX0,236,96021
FcrR8AkNKFpXAY0etViz-WQymr5hUPDVCKCkS-P2c1D6cw,64,12566
izzBtqyCr_nmqb418s8kSdwFvB-pc-bIcYrG3m5aR8xfzQ,236,185267
EOe4EIM327QLgvwDuFj8ZDhlfmHlpfztDRRdHJuk4-9wsBU,223,41909
9bcMrGl16xKGx4XGJZv62m-m66uJhtoMtSoSXWKeT1hrA98,38,5835
1_7lgtbcN2d6OKheruNHA2MC4605ifh9ms0sg5cXwJ0_R22rjXw4Bvlt,236,5603
9CqsIi_3-0-5qF-JAPsPqa56btwCyG849xqovSLBgODY-A,497,4681
UsjpJeED6gHdqYAlMiCZImxmSCkyH2z_KDoH_e2BLCLpTrMWmjNvROh0,57,0
qsZYd4YqMdQkYzbvlfPeujxbk5tE4eIBf496y-ZfKKgghw,1,6608
sGj_--Ku24kyajONzZfmCJWclo2hUDLEiIpNqpXgOYg7Yb0,516,0
KMG6KpQz8fikCMz6TC63aL3thM3TTpKiSSshqr76IRYBMqMvHxafleTl,69,0
WPUKklk4aAq8zEvHGMjfv5dc-5UCHnj2vuCN0w1z48UiDSs,14,18253
7oN2bw5d2UbV01bP6lZXzlzx-leGPJK3zmvgrg2HQhXt7w,136,0
An6Ne8Q6b5RIQeDn710sH7G7t4xPOd78Bt2XQ5oY6eT0jw,44,100
jVAG3wQ0TRFB2Lhw_rleZgpR30MhxIiWmJwrExgZY0LRqRE,111,2989
ibqJ-eMP1fabsay6TM0zl2QUTDUdqLdTEtUIA4I_CG4d2us,136,0
r79_a3gNT5yDyrV-Z0vYOPNOfGGg-y_eLCBz4qsFiZhPaw,10,226
NAnd3qE_C8a6TniJ8SPJFP6LSIvuoia8Grn5VJ3MopftcY0,141,10299
B1HxrSmkVIII_Vu90otzAd-FO-SY2Cmi3b1QkdIctJCyrv4,236,145444
gr50osUn97RRGAAFPHVtN1Im6xQTUU0nR4iLlDjrCcxanlF76dDn6DAI,268,0
akld8cBHbYZJR6BqbrQe6Ptm70KD3wW7j23NSUhNrEu65fc,223,13559
4lUmE2gzOdhNnudMj8F02UAwmQvKCXKHiyOQ1TsNifd-qt8,498,1604
_P_ZzhKIZsnrZo-wQpgwBfHS3GUT7b448-lq3WeYogPXc47ghE2v9m20,16,126
4zDw7s7Pv1reyrLwoIQfZplVH38WYFpgm7BWy8bNEylrMcA,134,3734
jeyHDX8TtD_ek3D00YVQUXkrhK_P4onv_nQrUwjpugV7dWo,7,37025
hxT1vW1h-0-3ZNSy9A7tjpioqU0DprXyUbtF7orUW8f3pA,40,25661
bwjrLbaX0fuRpzUEqtWvX5rZQGEIPRuyG7hMzT7FDKnkmA,78,55700
SIcZpyE7QR5g2ngMf3JJ2MkzVvw6_v_TW5_5FWxRCcLZVQ,25,474439
kZ1muBjgGxnRJqiT9ZGtXE8jHJ63j1yo7xjP89Bx7lDlnbM,134,47042
dQTpsuilLUf6WFB00Cu_lYarOOZgHvPA1qAHeeLVja4emd4,136,0
a0kRF8-AndHJ0jJpV4EPwOy3iGVJCl0x8tJq13ZynouQuHE,141,22132
0AJDCCPRCwO3tS-WNKgtVjxzS_Ouf1D1JZbvgTS7GxenSrI,223,17828
GvxnY_k1LE8E5d4aDZ15t8Co2559MWCqpPKpS4kQs40vpxJJbCkHzeqo,10,889
21tTaQshcC5eQDsx1yh7UU_jRvrLpPBOOGgkZQzvPSWuIXQ,79,24101
an1XKMBhWvZSlJ1KsEwVaILDIuABepZuN1WzA3Qu9F5gUp0,39,94565
sRC5KRdjUfSGJAidJ1plR3l2en92yhfYccsR04g1KPwwew,236,108218
5gIFN7jtN-Y9D3hx_uCwe7gQ_u8pN--E_sAfaZuksUgpQ0X1QzqDuug4,421,0
ytnTIOwmdpeYybln1kNVtl-GnrGCq20r0sWd9si8Rgff_w,240,11514
m5t9vrN38m0AxE2rjsNJtKB13qWRzCMqUm8udKkyWUGXi90Aq-zrHgtu,120,0
0v856er_FlmL0hy015LxAlONq_tBf1PDImaIBV4gB8rCnLk,1,0
iFvxnzkCCttHpMVUDlnnAmv1ERkPUXIDuSQez9WlxYMrK_k,34,631
4I9shW_8NksC9llFqEOLQ7y_kdvK71gg3kQxQUfoQpTJsg,20,16237
WSeIDHW01kijHDoy4Yl9whj-YFqbzPODIQCYQ8kBvtv-yjU,164,1141
T_G3qqu24gXQQ2FLOQaHWWV3FWHv86DXYKbzok1E8Kk7Ow,236,20566
78FGJjHAgDwKRD0m__HED0jBV4oXSQJKtbVbfS06B2Z4SA,236,76262
Azw8iqEQLQxQkC1aEhz5njpheUT4n5GNzWujONU6DvNxX_W4EVHdxieu,420,19170
C1eR6M9LOUiUiGrOwVVDtj7GBSPNRPUgg-CVyafa1E3p8g,105,144
DUn02if92QNJ9cv9r5O97VFoeL7h5qx-lVwpNrXNIrW5eQ,35,20425
PdcUI2Fpvi6uf2T9DMUclHxaxhRzGq0CsnAiCYVqdPpOfQ,10,3558
Glw5L_j2tpz_Yl_6FaLQCno3H2q74uTCGxi4WFo4pPYiYOSRl33KWCvQ,101,0
Sktn2A-QKhIDMQH3fLgjAi66CrZ9kKwtgk0YUVn3tWn9MuY,56,1485
ZFU5Afi6CJrqI0MnMKJc3raeaggtRTQ4ySt-ZY47XNlFMg,7,50053
1UIZ7YFfVkB39SwOXxN-cI1OPScnoJcaOyFbUPhYnib1tg,36,0
Kbl-fndaCpfuDefQuLE20MU-tbCqXAwHaNbbxhjjhW6igg,84,14496
2fV--VHWVO5qfHNd9uNLyzE_-4VgilWnNm6vUwy34gFPQDMIJG0afYM2,516,0
LnZEg5tZG5Dc5OmRJF5PO4Fg67yrkS2SQMcSB8XEMF_Wrg,10,1927
g8F5Fv5nHTbdy_D0TSEpuP2DGpIFZMZ9cYx8ZgmUY-roFCI,40,6324
14SwY3FibZ5jHC44QR4j4VDzkhfAlddMpW1K9gsFFJ8ZkZ4,516,0
Bd6Be7UO_S5Bli1RD2xPHhYP0f3EuBe_js4Xpk4ANJi3DQ,42,23673
SJ200xzo9ZQ84BiDjFfSPT11_oUUXMdOo7VQGCKvAPgCsMI,16,29565
Q5xj2bSO-F2_arU7Q-kqYlm0Qx9YXRLG2Z-wRsoKfM8mJw4,101,20321
a0kRF8-AndHJ0jJpV4EPwOy3iGVJCl0x8tJq13ZynouQuHE,432,8171
Zfoy4P81jgk1ySZOXuGkK8840clQ11LuG1oiPCzoky_bNg,25,2958
rsFiBTDsjGSp7aLbyuRWX2gakNcxbdYqMUZW4D3_UZLpH6U,40,3112
Ie4c1Dc5RIcyhl6DRjdVLo-lMtrxWVwv2v68d0wptyEtTvQ,29,15170
l9ExOgZ8hgRI5KFM53nn3sURcgi9DTVKRljD4HorpGkgprk,104,76727
qNVidQUV6qTr_vPs4JLbbWNlLdEKohB94JqeST41unLkKg,516,13215
7CyeZfHm-8AWsCh5ZYUhraamoE9L5BXl2TkEVDZ32IlEhgU,121,180351
m6YTADekBsP-Cl6GJ-HdXLRDVzDrb6WqESKEI7oO9TjpAw,20,1794
oIp6lku3rf_TPmc0oGOtwcrQrI9kjBE8CgZs6riwgPsl20E,7,0
aBxLlfPidBv-eUo7n20_PnOGxAbxPzTXXrP_BC0MrA,432,5306
IZWwotz_o4fd1jcmwAHBOYNutk_mG2siLLzb-nFMuDZ33Q,96,11219
2fQzPRHZsinpPX2vTGUHO0SSYpguwcQEbk1UasmALE5bKg,101,9606
TuatIdhjPUMMcaIOeL3ZG1fF2lK4OXPFx8UgceYJyODyz6Q,64,87034
5fiOCJa3FajOwz-3sHnwQpUPNy0H85d7lW4A3NVsUk_YNCs,120,26617
EP4RdVdAKJnx49AlYhIEP2dtx0UJYH3r5NfKzs-UcziEbVA,201,11958
nr_QTb-LNZe3qw7RkeEpiieGfeC_M52cpmTxExeeSDx4Mg,86,19127
dxTB_zUvWP_YZRNt9MjxWOTg3-88CSz--gpLpH2ZzmZyRw,133,0
